lsoa21cd,msoa21cd,lad22cd,uk_COB,europe_eu_countries_COB,europe_non_eu_countries_COB,africa_COB,asia_middle_east_COB,americas_carribean_COB,antarctica_oceana_COB,british_overseas_COB,bangladesh_ethnicity,chinese_ethnicity,indian_ethnicity,pakistani_ethnicity,asian_other_ethnicity,african_ethnicity,caribbean_ethnicity,afro_caribbean_other_ethnicity,white_english_ethnicity,white_irish_ethnicity,white_gypsy_irish_traveller_ethnicity,white_roma_ethnicity,white_other_ethnicity,arab_ethnicity,any_other_ethnicity,total_number_of_households,household_w_dep_kid_0_4_count,household_w_dep_kid_5_9_count,household_w_dep_kid_0_4_prop,household_w_dep_kid_5_9_prop,eligible,share_of_eligible
E01011279,E02002337,E08000035,1285,16,4,4,4,5,0,0,1,2,1,1,1,1,0,1,1244,4,2,0,17,6,2,586,55,44,9.38566552901024,7.508532423208191,99,16.89419795221843
E01011280,E02002337,E08000035,1986,41,6,5,28,3,4,0,0,10,4,0,7,4,2,0,1916,17,0,0,49,5,7,837,108,70,12.903225806451612,8.363201911589009,178,21.26642771804062
E01011270,E02002337,E08000035,1637,35,8,7,24,5,2,1,0,6,15,0,3,3,3,2,1546,24,6,0,25,2,15,683,57,57,8.345534407027818,8.345534407027818,114,16.691068814055637
E01011267,E02002338,E08000035,1636,23,3,7,18,3,6,0,0,5,3,0,4,3,2,0,1586,5,2,0,27,8,6,726,92,50,12.672176308539944,6.887052341597796,142,19.55922865013774
E01011265,E02002338,E08000035,1828,59,9,9,24,22,2,1,0,6,7,0,8,2,4,0,1792,15,0,0,76,0,5,913,91,63,9.967141292442497,6.900328587075575,154,16.867469879518072
E01011264,E02002340,E08000035,1220,33,5,9,6,4,7,0,0,0,3,0,1,9,1,1,1211,9,0,2,36,0,2,577,38,34,6.58578856152513,5.892547660311958,72,12.478336221837088
E01011268,E02002339,E08000035,1333,22,2,10,18,6,4,0,0,8,11,0,5,5,1,2,1279,1,0,0,24,5,4,628,64,51,10.19108280254777,8.121019108280255,115,18.312101910828027
E01011269,E02002340,E08000035,1510,37,3,8,5,2,2,0,0,0,2,0,3,5,2,1,1468,18,0,0,22,1,6,749,57,41,7.610146862483311,5.473965287049399,98,13.08411214953271
E01011266,E02002337,E08000035,2453,56,4,30,33,30,6,1,0,18,17,0,4,4,4,5,2397,23,1,0,72,0,8,1141,109,95,9.55302366345311,8.326029798422436,204,17.879053461875547
E01011271,E02002338,E08000035,2077,39,7,7,28,10,2,3,1,12,10,1,13,9,8,0,2006,21,1,0,29,0,2,895,77,91,8.603351955307263,10.167597765363128,168,18.77094972067039
E01011273,E02002339,E08000035,1409,33,1,9,18,9,4,0,0,4,5,0,6,1,5,0,1367,4,1,0,39,1,5,717,73,35,10.181311018131101,4.881450488145049,108,15.06276150627615
E01011272,E02002338,E08000035,1405,14,2,7,18,3,6,0,1,11,7,1,2,2,1,0,1378,3,0,0,6,0,9,567,40,55,7.054673721340388,9.700176366843033,95,16.75485008818342
E01011274,E02002339,E08000035,1283,37,1,15,20,5,2,0,0,10,0,0,4,13,6,7,1230,6,2,0,28,1,6,673,61,47,9.063893016344725,6.983655274888559,108,16.047548291233284
E01011275,E02002339,E08000035,1365,13,2,5,15,5,6,0,0,0,0,0,10,5,5,3,1307,6,1,0,17,0,1,613,80,47,13.05057096247961,7.66721044045677,127,20.717781402936378
E01011276,E02002340,E08000035,1652,35,3,10,24,9,3,0,0,4,9,0,13,2,1,0,1585,9,0,0,24,0,11,791,80,46,10.11378002528445,5.815423514538558,126,15.929203539823009
E01011277,E02002343,E08000035,1522,32,3,17,24,6,3,0,0,9,13,0,6,8,3,0,1490,10,0,1,20,1,1,634,85,58,13.406940063091483,9.14826498422713,143,22.555205047318612
E01032499,E02002396,E08000035,1504,63,6,34,94,3,1,0,0,6,142,0,26,20,5,1,1256,16,6,0,54,29,21,697,56,36,8.034433285509326,5.164992826398852,92,13.199426111908178
E01011304,E02002418,E08000035,1522,32,1,6,15,7,1,1,0,6,6,0,0,9,3,2,1514,6,0,0,17,2,2,708,68,50,9.6045197740113,7.062146892655368,118,16.666666666666668
E01011278,E02002343,E08000035,1519,36,5,20,26,14,2,0,5,7,1,5,17,13,7,3,1482,8,0,0,31,3,4,740,61,47,8.243243243243244,6.351351351351352,108,14.594594594594595
E01011306,E02002418,E08000035,1262,20,3,7,6,2,1,0,0,0,1,0,5,5,1,0,1250,9,0,0,11,0,1,546,52,45,9.523809523809524,8.241758241758241,97,17.765567765567766
E01011305,E02002418,E08000035,1435,29,1,4,11,4,8,0,0,2,4,0,0,0,1,0,1427,2,0,0,28,0,2,651,60,49,9.216589861751151,7.526881720430108,109,16.74347158218126
E01011300,E02002418,E08000035,1435,7,1,7,2,2,2,1,0,0,0,0,0,7,2,1,1417,6,1,0,3,0,1,622,74,43,11.897106109324758,6.913183279742765,117,18.810289389067524
E01011309,E02002359,E08000035,1449,24,1,18,4,3,3,3,0,3,3,0,0,11,3,8,1412,4,0,0,25,0,3,664,56,49,8.433734939759036,7.379518072289157,105,15.813253012048193
E01011297,E02002359,E08000035,1623,38,5,15,25,9,9,0,0,11,5,0,5,6,0,1,1597,5,0,0,38,0,6,703,66,77,9.388335704125177,10.953058321479373,143,20.34139402560455
E01011296,E02002359,E08000035,1574,27,1,5,6,4,8,0,0,0,1,0,2,0,1,0,1558,19,0,0,18,2,2,781,55,44,7.042253521126761,5.633802816901408,99,12.67605633802817
E01011299,E02002417,E08000035,2726,57,4,28,8,12,3,0,2,0,2,2,2,17,6,3,2693,10,1,0,52,0,6,1165,164,135,14.07725321888412,11.587982832618026,299,25.665236051502145
E01011298,E02002417,E08000035,1481,40,3,18,11,2,3,0,1,1,1,1,4,16,3,8,1453,6,1,0,38,1,0,703,76,50,10.81081081081081,7.112375533428165,126,17.923186344238974
E01011311,E02002351,E08000035,1111,37,5,30,73,4,3,0,0,11,44,0,21,6,0,0,967,30,0,0,31,5,16,487,48,47,9.856262833675565,9.650924024640657,95,19.50718685831622
E01011310,E02002359,E08000035,1546,36,5,10,19,4,6,0,0,0,5,0,5,0,2,0,1504,19,0,0,28,0,1,741,61,51,8.232118758434549,6.882591093117409,112,15.114709851551957
E01011308,E02002432,E08000035,1447,23,5,3,9,5,2,2,0,2,3,0,1,1,1,0,1441,6,0,0,15,0,6,651,62,49,9.523809523809524,7.526881720430108,111,17.05069124423963
E01011307,E02002432,E08000035,1560,27,1,6,6,0,1,0,0,0,0,0,3,7,0,3,1538,2,5,0,13,1,0,651,63,46,9.67741935483871,7.06605222734255,109,16.74347158218126
E01011283,E02002388,E08000035,1326,99,7,85,48,11,1,0,0,15,12,0,18,127,6,20,1170,2,0,0,95,9,11,632,118,72,18.670886075949365,11.39240506329114,190,30.063291139240505
E01032606,E02002396,E08000035,1888,124,7,43,26,21,0,0,0,10,11,0,3,47,8,20,1776,14,2,3,147,4,6,925,134,62,14.486486486486486,6.702702702702703,196,21.18918918918919
E01032500,E02002396,E08000035,959,236,6,75,80,14,5,11,0,2,130,0,6,112,19,4,785,12,0,0,224,0,39,636,84,26,13.20754716981132,4.088050314465409,110,17.29559748427673
E01032607,E02002396,E08000035,994,159,11,46,44,10,1,7,0,12,51,0,3,48,24,9,886,9,1,5,120,1,27,647,40,27,6.182380216383308,4.1731066460587325,67,10.35548686244204
E01011294,E02002400,E08000035,1372,109,45,50,105,10,0,30,5,1,204,5,40,65,44,13,1050,12,20,4,101,9,35,492,63,44,12.804878048780488,8.94308943089431,107,21.747967479674795
E01011295,E02002388,E08000035,1407,185,16,42,45,10,1,2,6,4,10,6,12,63,15,4,1286,13,1,48,135,36,20,753,114,66,15.139442231075698,8.764940239043824,180,23.904382470119522
E01011281,E02002388,E08000035,1704,211,17,97,121,19,2,13,9,33,68,9,33,117,30,20,1425,20,6,2,213,15,35,900,121,70,13.444444444444445,7.777777777777778,191,21.22222222222222
E01011282,E02002388,E08000035,1310,32,4,28,13,0,2,0,0,0,12,0,6,37,0,4,1256,2,1,0,28,0,4,611,78,49,12.76595744680851,8.01963993453355,127,20.78559738134206
E01011286,E02002388,E08000035,1133,78,4,27,48,3,0,0,2,18,25,2,22,43,3,0,1010,13,0,1,89,3,17,582,66,41,11.34020618556701,7.0446735395189,107,18.38487972508591
E01011287,E02002396,E08000035,1334,50,8,38,28,2,1,0,0,4,11,0,10,36,4,9,1269,11,0,3,43,4,10,664,90,43,13.55421686746988,6.475903614457831,133,20.03012048192771
E01011284,E02002400,E08000035,1582,409,37,72,88,28,1,4,6,10,57,6,19,81,16,6,1318,9,7,17,470,22,28,1090,150,80,13.761467889908257,7.339449541284404,230,21.10091743119266
E01032608,E02002396,E08000035,834,128,10,26,92,21,2,2,0,4,127,0,33,24,11,8,700,10,0,7,115,3,5,517,46,22,8.897485493230175,4.25531914893617,68,13.152804642166345
E01011292,E02002400,E08000035,1247,269,8,187,225,10,1,11,0,3,155,0,44,236,19,17,968,6,2,20,234,64,35,952,113,68,11.869747899159664,7.142857142857143,181,19.01260504201681
E01011293,E02002400,E08000035,1218,382,16,102,215,15,0,13,1,3,407,1,32,137,26,11,823,12,0,16,293,14,46,846,120,64,14.184397163120567,7.5650118203309695,184,21.749408983451538
E01011303,E02002417,E08000035,1107,23,0,7,8,1,0,0,0,8,0,0,0,14,2,2,1087,5,2,0,7,0,3,497,48,36,9.6579476861167,7.2434607645875255,84,16.901408450704224
E01011301,E02002418,E08000035,1202,29,5,1,8,1,2,0,0,1,0,0,3,4,1,2,1190,4,0,0,17,0,3,558,40,39,7.168458781362007,6.989247311827957,79,14.157706093189963
E01011302,E02002417,E08000035,1730,25,1,4,13,2,3,0,0,4,1,0,0,1,1,2,1719,8,0,6,15,5,0,776,77,41,9.922680412371134,5.283505154639175,118,15.206185567010309
E01011320,E02002420,E08000035,1310,163,20,76,207,10,2,2,90,21,219,90,39,103,12,6,963,36,0,3,134,3,27,688,97,64,14.098837209302326,9.30232558139535,161,23.401162790697676
E01011318,E02002419,E08000035,1129,120,14,205,66,16,1,0,13,3,20,13,29,283,12,27,913,4,0,3,117,11,33,637,103,84,16.16954474097331,13.186813186813186,187,29.356357927786497
E01011317,E02002419,E08000035,1329,175,8,190,66,6,1,0,0,7,52,0,18,234,24,37,1121,19,3,3,130,10,20,883,109,67,12.344280860702153,7.587768969422424,176,19.932049830124576
E01011319,E02002420,E08000035,1189,141,5,53,209,7,1,0,98,29,291,98,31,52,7,4,779,14,2,8,116,16,52,617,98,53,15.883306320907618,8.589951377633712,151,24.473257698541328
E01011337,E02002387,E08000035,1490,132,6,73,27,5,1,0,0,10,20,0,2,79,6,14,1354,7,0,6,137,15,11,568,108,90,19.014084507042252,15.845070422535212,198,34.859154929577464
E01011336,E02002387,E08000035,1444,49,7,20,20,9,2,1,0,4,5,0,10,21,4,5,1407,8,0,0,41,2,11,833,60,49,7.202881152460985,5.882352941176471,109,13.085234093637455
E01011335,E02002381,E08000035,1594,55,5,11,41,3,1,0,0,0,20,0,7,7,1,2,1535,17,1,0,59,5,3,833,86,75,10.324129651860744,9.003601440576231,161,19.327731092436974
E01011325,E02002375,E08000035,1464,84,5,40,45,4,4,3,0,12,17,0,20,43,1,2,1379,7,0,3,90,2,20,755,100,50,13.245033112582782,6.622516556291391,150,19.867549668874172
E01011326,E02002375,E08000035,1293,122,3,39,15,12,3,0,1,4,9,1,4,51,6,7,1219,5,0,8,101,14,1,630,74,71,11.746031746031745,11.26984126984127,145,23.015873015873016
E01011329,E02002380,E08000035,1391,56,3,15,13,9,6,0,0,2,1,0,2,12,3,1,1366,8,0,4,45,1,16,705,52,43,7.375886524822695,6.099290780141844,95,13.47517730496454
E01011323,E02002380,E08000035,1225,32,0,20,17,1,2,0,0,10,11,0,8,10,1,1,1169,9,0,0,20,1,10,604,55,33,9.105960264900663,5.4635761589403975,88,14.56953642384106
E01011332,E02002375,E08000035,1422,87,8,55,38,8,4,0,0,1,3,0,11,95,19,10,1284,5,0,3,91,10,23,695,99,69,14.244604316546763,9.928057553956835,168,24.172661870503596
E01011328,E02002381,E08000035,1493,60,9,11,12,4,1,1,0,5,0,0,3,12,5,0,1436,10,0,0,59,7,0,711,86,55,12.09563994374121,7.7355836849507735,141,19.831223628691983
E01011331,E02002387,E08000035,1235,47,5,16,23,9,5,0,0,2,12,0,8,21,2,0,1186,10,1,6,49,2,10,631,54,37,8.55784469096672,5.863708399366086,91,14.421553090332806
E01011334,E02002387,E08000035,1271,75,5,23,15,6,6,0,0,1,8,0,2,31,6,4,1216,10,0,1,54,0,11,691,54,40,7.814761215629522,5.788712011577424,94,13.603473227206946
E01011330,E02002380,E08000035,1273,32,4,16,10,5,3,3,1,1,7,1,0,19,8,8,1235,7,0,0,20,4,2,584,51,50,8.732876712328768,8.561643835616438,101,17.294520547945204
E01011327,E02002381,E08000035,1267,26,7,18,26,3,0,1,0,7,8,0,2,25,0,3,1206,7,3,0,31,1,10,655,78,36,11.908396946564885,5.4961832061068705,114,17.404580152671755
E01011324,E02002375,E08000035,1547,133,9,95,31,13,6,3,0,3,9,0,7,131,10,29,1386,6,0,1,121,15,12,554,100,59,18.050541516245488,10.649819494584838,159,28.700361010830324
E01011353,E02002363,E08000035,1652,111,5,31,70,53,12,1,0,12,29,0,9,23,76,20,1392,35,0,1,123,7,28,843,94,49,11.150652431791222,5.812574139976276,143,16.963226571767496
E01011356,E02002371,E08000035,1493,120,8,93,192,106,3,4,6,10,112,6,60,64,215,46,915,24,1,7,118,15,85,936,73,38,7.799145299145299,4.05982905982906,111,11.85897435897436
E01011358,E02002371,E08000035,1140,67,5,102,170,65,0,3,11,17,100,11,55,109,170,32,673,41,2,0,53,15,52,722,65,55,9.002770083102494,7.617728531855955,120,16.62049861495845
E01011357,E02002367,E08000035,1382,140,8,183,215,114,6,8,40,25,222,40,101,224,245,105,591,21,0,8,114,10,76,906,94,72,10.375275938189846,7.947019867549669,166,18.322295805739515
E01011361,E02002371,E08000035,1698,191,15,361,343,233,3,17,291,16,279,291,127,444,594,165,333,18,1,9,164,36,115,1135,155,87,13.656387665198238,7.665198237885463,242,21.3215859030837
E01011350,E02002363,E08000035,1316,70,12,28,68,33,9,2,1,9,66,1,14,16,55,14,1096,26,0,1,82,0,18,685,61,43,8.905109489051094,6.2773722627737225,104,15.182481751824817
E01011354,E02002367,E08000035,1173,107,7,158,99,29,1,1,10,18,58,10,33,192,64,53,796,9,4,0,94,16,45,655,97,80,14.80916030534351,12.213740458015268,177,27.022900763358777
E01011359,E02002371,E08000035,1403,116,4,97,207,64,3,2,142,7,209,142,50,106,153,31,783,26,1,6,107,22,37,832,94,54,11.298076923076923,6.490384615384615,148,17.78846153846154
E01011360,E02002371,E08000035,1271,292,26,128,396,112,2,7,159,10,567,159,144,192,290,95,216,9,41,55,171,25,102,749,108,89,14.419225634178906,11.882510013351135,197,26.30173564753004
E01011351,E02002363,E08000035,1525,85,1,22,49,27,5,0,2,5,9,2,16,8,21,2,1382,39,1,0,97,8,36,906,69,30,7.6158940397351,3.3112582781456954,99,10.927152317880795
E01011352,E02002363,E08000035,1539,125,9,47,87,41,6,0,1,8,31,1,25,27,63,9,1320,34,0,7,107,24,18,983,52,40,5.289928789420142,4.069175991861648,92,9.35910478128179
E01011355,E02002367,E08000035,1216,104,7,64,65,28,4,1,13,10,16,13,26,65,58,18,935,20,4,1,102,29,38,608,65,55,10.69078947368421,9.046052631578947,120,19.736842105263158
E01011362,E02002410,E08000035,1381,188,10,244,108,3,1,0,3,12,42,3,43,285,11,33,1187,11,5,6,169,11,31,1028,108,63,10.505836575875486,6.128404669260701,171,16.634241245136188
E01011343,E02002390,E08000035,1711,105,32,44,69,15,1,2,0,10,40,0,28,63,11,27,1542,19,2,3,102,11,13,938,115,51,12.260127931769723,5.437100213219616,166,17.69722814498934
E01011379,E02002346,E08000035,1368,66,2,36,132,7,0,0,3,3,45,3,74,16,6,0,1227,16,0,0,48,58,44,746,90,51,12.064343163538874,6.836461126005362,141,18.900804289544237
E01011371,E02002414,E08000035,1146,222,7,246,173,10,1,3,119,5,169,119,50,368,11,42,728,15,4,1,153,21,34,749,82,74,10.947930574098798,9.879839786381842,156,20.827770360480642
E01011363,E02002400,E08000035,1394,174,6,262,108,9,5,3,1,3,63,1,40,355,17,49,1088,18,1,2,154,17,66,861,128,80,14.866434378629501,9.291521486643438,208,24.15795586527294
E01011366,E02002411,E08000035,1049,323,7,227,148,25,2,3,21,4,148,21,56,334,24,27,775,8,8,9,226,17,38,786,114,71,14.50381679389313,9.033078880407125,185,23.536895674300254
E01033013,E02002411,E08000035,848,204,7,168,162,33,2,9,10,12,73,10,27,220,23,20,683,3,1,3,128,65,48,725,56,54,7.724137931034483,7.448275862068965,110,15.172413793103448
E01011368,E02002411,E08000035,954,278,15,245,130,26,1,15,35,0,166,35,39,359,28,25,643,10,9,9,174,8,45,727,126,58,17.33149931224209,7.977991746905089,184,25.30949105914718
E01011364,E02002414,E08000035,1340,253,22,263,230,13,4,0,77,3,120,77,45,396,11,50,899,16,0,5,220,27,78,874,118,78,13.501144164759726,8.924485125858123,196,22.42562929061785
E01011376,E02002342,E08000035,1571,35,8,13,20,11,3,0,0,1,16,0,7,5,12,6,1498,14,0,0,28,5,11,680,65,53,9.558823529411764,7.794117647058823,118,17.352941176470587
E01011381,E02002345,E08000035,1184,31,9,51,194,6,1,0,3,17,41,3,34,28,1,1,997,15,0,0,38,74,62,563,48,54,8.52575488454707,9.591474245115453,102,18.117229129662523
E01011378,E02002342,E08000035,1201,43,6,44,115,6,2,0,0,8,24,0,48,32,19,3,1060,5,0,0,53,32,60,711,70,41,9.845288326300984,5.766526019690577,111,15.611814345991561
E01011384,E02002346,E08000035,1363,38,1,9,82,24,2,0,0,8,19,0,31,3,1,2,1283,7,0,2,34,41,20,670,83,35,12.388059701492537,5.223880597014926,118,17.611940298507463
E01011380,E02002345,E08000035,1338,49,6,34,107,14,3,1,12,16,30,12,23,19,9,1,1186,20,0,1,52,30,25,679,58,59,8.541973490427099,8.689248895434462,117,17.23122238586156
E01011386,E02002345,E08000035,1517,99,7,36,136,9,11,0,10,17,39,10,34,15,1,0,1269,20,0,1,106,50,48,751,95,55,12.649800266311585,7.323568575233023,150,19.97336884154461
E01011382,E02002342,E08000035,1492,55,2,8,39,6,7,0,1,4,6,1,6,4,7,0,1434,16,0,0,52,8,18,741,84,41,11.336032388663968,5.53306342780027,125,16.869095816464238
E01032502,E02002346,E08000035,1600,66,11,29,149,16,1,2,2,13,33,2,46,14,8,6,1408,12,0,4,68,71,73,848,107,69,12.617924528301886,8.13679245283019,176,20.754716981132077
E01011377,E02002342,E08000035,1288,35,2,14,41,4,5,1,3,7,0,3,8,4,3,2,1263,12,0,0,24,9,18,607,58,37,9.555189456342669,6.095551894563426,95,15.650741350906095
E01011373,E02002414,E08000035,936,235,8,193,165,15,1,1,58,2,219,58,39,306,22,31,566,12,12,6,135,17,42,593,95,72,16.020236087689714,12.141652613827993,167,28.161888701517707
E01011374,E02002414,E08000035,745,263,11,133,86,12,0,0,51,15,17,51,14,181,7,16,618,0,0,4,202,20,46,588,63,47,10.714285714285714,7.993197278911564,110,18.707482993197278
E01011369,E02002419,E08000035,1315,132,4,69,57,8,4,0,1,4,48,1,23,75,10,5,1212,8,0,2,112,0,21,733,75,58,10.231923601637108,7.91268758526603,133,18.144611186903138
E01011375,E02002415,E08000035,1078,325,19,237,398,19,3,7,195,8,732,195,28,337,18,32,309,12,6,9,148,15,130,697,164,71,23.529411764705884,10.18651362984218,235,33.715925394548066
E01011370,E02002411,E08000035,1180,171,18,153,153,10,2,2,65,8,262,65,34,169,11,27,783,16,3,4,161,10,55,688,90,49,13.081395348837209,7.122093023255814,139,20.203488372093023
E01011372,E02002415,E08000035,876,307,13,279,260,15,0,1,318,0,249,318,33,396,13,47,385,5,11,1,135,7,78,581,101,86,17.38382099827883,14.802065404475043,187,32.18588640275387
E01011345,E02002390,E08000035,1321,77,2,53,37,7,2,0,0,20,10,0,18,78,12,14,1190,13,0,0,48,1,12,675,62,53,9.185185185185185,7.851851851851852,115,17.037037037037038
E01011344,E02002394,E08000035,1111,409,16,347,158,13,0,5,10,5,138,10,38,452,27,68,693,11,11,56,249,20,84,840,185,86,22.023809523809526,10.238095238095237,271,32.26190476190476
E01011346,E02002389,E08000035,1437,135,5,141,146,20,3,6,21,11,142,21,56,218,29,36,1143,5,0,1,103,23,20,785,81,79,10.318471337579618,10.063694267515924,160,20.38216560509554
E01011340,E02002389,E08000035,1288,120,23,190,177,18,0,0,0,8,122,0,153,302,55,42,811,17,0,0,93,18,50,668,136,54,20.359281437125748,8.083832335329342,190,28.44311377245509
E01011342,E02002389,E08000035,1228,231,4,247,147,12,0,6,23,15,120,23,81,315,34,126,810,26,0,6,180,0,26,659,107,81,16.23672230652504,12.291350531107739,188,28.528072837632777
E01011347,E02002394,E08000035,1274,244,19,246,155,29,3,3,15,12,88,15,52,405,68,48,808,6,8,7,187,61,67,786,162,66,20.610687022900763,8.396946564885496,228,29.00763358778626
E01011349,E02002394,E08000035,1127,121,12,360,178,19,0,0,13,5,16,13,104,474,18,52,771,16,5,4,101,19,127,928,120,52,12.931034482758621,5.603448275862069,172,18.53448275862069
E01011348,E02002394,E08000035,1132,148,10,294,146,61,0,5,15,6,99,15,59,438,75,69,670,10,12,3,90,23,53,678,107,66,15.781710914454278,9.734513274336283,173,25.51622418879056
E01011338,E02002393,E08000035,1049,108,26,641,181,22,0,4,4,11,35,4,106,788,45,104,490,15,1,8,71,60,139,799,123,75,15.39424280350438,9.386733416770964,198,24.780976220275345
E01011339,E02002389,E08000035,1493,198,13,157,235,16,4,0,48,10,196,48,78,217,24,47,1005,18,5,7,160,11,92,867,125,71,14.41753171856978,8.189158016147635,196,22.606689734717417
E01011383,E02002348,E08000035,1355,63,11,51,178,13,0,0,2,8,52,2,50,36,5,2,1158,14,1,0,56,98,68,752,77,51,10.23936170212766,6.781914893617022,128,17.02127659574468
E01011388,E02002348,E08000035,1326,73,13,30,123,14,0,0,8,28,13,8,57,21,6,8,1179,9,0,0,82,48,34,732,70,39,9.562841530054644,5.327868852459017,109,14.890710382513662
E01032501,E02002346,E08000035,1054,35,6,7,41,5,1,0,0,3,15,0,14,3,1,1,1018,10,0,0,33,4,8,510,39,31,7.647058823529412,6.078431372549019,70,13.72549019607843
E01011385,E02002345,E08000035,1085,50,7,30,154,9,2,0,6,19,72,6,21,12,3,6,886,10,0,0,52,79,23,532,49,36,9.210526315789474,6.7669172932330826,85,15.977443609022556
E01011398,E02002406,E08000035,1099,24,1,1,6,5,0,1,0,2,1,0,3,0,1,0,1088,7,0,0,19,0,0,494,38,34,7.6923076923076925,6.882591093117409,72,14.574898785425102
E01011400,E02002403,E08000035,1334,29,1,15,8,4,3,0,0,0,4,0,1,15,2,3,1282,13,0,0,32,0,1,605,55,35,9.090909090909092,5.785123966942149,90,14.87603305785124
E01011403,E02002403,E08000035,1457,26,7,7,12,1,3,0,0,3,0,0,3,10,1,4,1435,12,0,0,18,0,3,673,29,39,4.3090638930163445,5.794947994056463,68,10.104011887072808
E01011399,E02002403,E08000035,1449,22,2,11,10,8,0,0,0,6,0,0,2,5,4,0,1413,9,0,0,18,0,0,620,51,58,8.225806451612904,9.35483870967742,109,17.580645161290324
E01011396,E02002403,E08000035,1791,43,4,12,28,8,0,0,0,14,4,0,7,16,10,5,1737,10,0,5,32,1,6,897,76,66,8.4726867335563,7.357859531772576,142,15.830546265328874
E01011402,E02002416,E08000035,1956,26,8,14,39,6,4,0,0,29,5,0,16,5,4,5,1898,11,0,5,18,0,5,891,71,57,7.968574635241302,6.397306397306397,128,14.3658810325477
E01011401,E02002406,E08000035,1701,33,0,9,19,10,1,0,0,13,0,0,1,5,3,0,1673,9,0,0,20,1,8,717,87,59,12.133891213389122,8.228730822873082,146,20.362622036262202
E01011404,E02002406,E08000035,1337,20,2,5,5,4,4,0,0,1,0,0,3,5,0,1,1335,4,0,0,20,0,3,545,50,59,9.174311926605505,10.825688073394495,109,20
E01011333,E02002380,E08000035,1283,42,4,15,19,3,2,1,0,5,26,0,4,8,7,4,1219,4,0,0,34,7,4,639,65,57,10.172143974960877,8.92018779342723,122,19.092331768388107
E01011341,E02002390,E08000035,1857,106,21,74,90,23,2,0,7,20,39,7,30,85,19,22,1599,40,1,0,92,10,19,874,131,89,14.988558352402746,10.183066361556063,220,25.17162471395881
E01011315,E02002419,E08000035,1282,125,6,83,106,10,0,1,41,1,176,41,33,100,9,5,1014,27,1,0,88,8,29,659,79,66,11.987860394537178,10.015174506828528,145,22.003034901365705
E01011321,E02002419,E08000035,1240,205,5,103,94,13,0,0,24,14,83,24,15,155,8,16,971,9,3,2,188,52,52,666,120,56,18.01801801801802,8.408408408408409,176,26.426426426426428
E01011312,E02002415,E08000035,1132,306,6,234,327,19,0,1,375,35,361,375,32,356,16,57,445,3,7,0,167,0,48,753,134,97,17.795484727755642,12.881806108897742,231,30.677290836653388
E01011314,E02002420,E08000035,1079,242,9,65,152,19,5,1,27,6,267,27,26,88,17,8,791,10,0,2,202,13,25,674,77,60,11.42433234421365,8.90207715133531,137,20.326409495548962
E01011313,E02002420,E08000035,1204,260,9,149,116,5,1,0,37,3,207,37,19,208,11,18,889,19,0,5,163,18,38,652,114,66,17.484662576687118,10.122699386503067,180,27.607361963190183
E01011322,E02002420,E08000035,1351,138,10,85,66,9,0,0,38,6,55,38,21,127,10,20,1149,9,0,0,133,9,3,694,81,79,11.671469740634006,11.38328530259366,160,23.054755043227665
E01011316,E02002415,E08000035,1029,375,13,261,304,19,1,12,110,11,460,110,45,364,63,43,447,4,4,36,170,17,92,690,139,71,20.144927536231883,10.289855072463768,210,30.434782608695652
E01035040,E02002373,E08000035,1516,76,8,34,81,9,9,4,0,9,57,0,27,39,10,2,1343,17,0,2,72,9,21,535,14,8,2.616822429906542,1.4953271028037383,22,4.11214953271028
E01032946,E02006861,E08000035,2610,176,68,55,164,55,18,2,7,34,62,7,18,41,19,1,2350,77,1,5,226,23,37,831,26,16,3.1287605294825513,1.9253910950661852,42,5.054151624548736
E01035041,E02002373,E08000035,1125,68,8,23,61,15,2,0,1,9,55,1,7,25,12,3,1025,14,0,0,56,1,13,447,18,7,4.026845637583893,1.5659955257270695,25,5.592841163310962
E01011440,E02002373,E08000035,1466,89,4,43,47,23,10,4,4,22,5,4,17,24,19,2,1357,24,1,2,74,4,11,662,21,8,3.1722054380664653,1.2084592145015105,29,4.380664652567976
E01011435,E02002373,E08000035,1636,84,5,37,35,19,5,5,5,7,13,5,10,34,15,4,1503,19,4,2,78,9,16,606,13,4,2.145214521452145,0.6600660066006601,17,2.8052805280528053
E01011442,E02006861,E08000035,1643,88,9,28,91,14,2,0,4,23,34,4,19,36,15,3,1439,24,0,2,91,5,19,631,11,12,1.7432646592709984,1.901743264659271,23,3.6450079239302693
E01011443,E02006861,E08000035,1513,133,9,24,158,31,5,4,5,47,56,5,57,31,15,5,1330,26,0,9,125,27,26,719,28,6,3.8942976356050067,0.8344923504867872,34,4.728789986091794
E01011441,E02002373,E08000035,1653,94,22,50,107,27,4,1,3,14,89,3,30,37,14,5,1406,26,0,4,121,3,32,694,36,21,5.187319884726225,3.025936599423631,57,8.213256484149856
E01011457,E02002356,E08000035,1528,38,0,19,36,9,0,0,2,19,11,2,2,1,0,9,1472,15,0,1,35,4,20,619,63,53,10.177705977382876,8.562197092084006,116,18.739903069466884
E01011458,E02002356,E08000035,2442,38,9,33,142,10,2,0,0,84,33,0,17,16,9,2,2192,3,0,2,47,13,34,1021,206,106,20.176297747306563,10.38197845249755,312,30.558276199804112
E01011456,E02002350,E08000035,1927,48,7,22,35,4,5,0,1,7,8,1,17,8,4,0,1838,17,0,2,39,1,25,676,71,76,10.502958579881657,11.242603550295858,147,21.745562130177515
E01011460,E02002357,E08000035,1419,41,3,34,35,4,2,0,0,18,1,0,20,39,2,8,1284,11,6,0,43,12,19,648,79,72,12.191358024691358,11.11111111111111,151,23.30246913580247
E01011461,E02002350,E08000035,1509,32,0,5,13,3,1,0,0,8,0,0,5,1,4,0,1467,11,0,0,27,6,5,608,67,63,11.019736842105264,10.361842105263158,130,21.38157894736842
E01011463,E02002357,E08000035,1482,70,9,31,79,15,6,0,5,26,10,5,41,16,11,8,1373,10,0,0,74,6,16,760,93,65,12.236842105263158,8.552631578947368,158,20.789473684210527
E01011462,E02002357,E08000035,1527,61,13,14,94,12,3,2,0,23,46,0,16,8,11,1,1367,13,1,5,64,35,34,724,81,72,11.187845303867404,9.94475138121547,153,21.132596685082873
E01011464,E02002357,E08000035,1612,82,14,22,54,19,2,1,0,22,7,0,7,19,4,5,1510,21,1,0,89,7,22,897,89,44,9.92196209587514,4.9052396878483835,133,14.827201783723522
E01011465,E02002356,E08000035,1583,68,12,13,53,15,4,1,3,11,7,3,21,13,3,0,1511,16,0,2,75,12,6,840,96,72,11.428571428571429,8.571428571428571,168,20
E01011454,E02002356,E08000035,1489,46,10,15,25,21,0,1,0,28,9,0,6,5,8,0,1393,20,0,5,45,3,16,682,87,63,12.756598240469208,9.237536656891496,150,21.994134897360702
E01011452,E02002356,E08000035,1558,23,7,13,42,4,5,0,1,10,22,1,7,7,0,0,1473,11,0,0,32,1,15,664,70,69,10.542168674698795,10.391566265060241,139,20.933734939759034
E01011453,E02002357,E08000035,1462,43,5,18,25,4,5,0,0,10,4,0,6,16,5,1,1397,24,0,2,37,2,5,707,56,49,7.920792079207921,6.930693069306931,105,14.851485148514852
E01011455,E02002350,E08000035,1310,35,2,1,13,3,5,1,0,5,4,0,5,1,2,0,1267,9,0,1,14,1,4,478,49,54,10.251046025104603,11.297071129707113,103,21.548117154811717
E01011459,E02002350,E08000035,1550,49,12,7,35,10,16,0,2,19,14,2,2,1,0,0,1490,16,0,0,58,5,14,764,53,57,6.93717277486911,7.460732984293194,110,14.397905759162304
E01011408,E02002386,E08000035,1414,39,3,12,12,6,7,0,2,0,4,2,10,11,6,0,1397,23,0,0,20,0,3,766,42,38,5.483028720626632,4.960835509138382,80,10.443864229765014
E01011422,E02002377,E08000035,903,149,5,101,428,25,0,4,352,16,414,352,45,119,41,28,230,6,10,11,118,7,63,550,78,51,14.181818181818182,9.272727272727273,129,23.454545454545453
E01011405,E02002406,E08000035,1437,22,1,10,1,1,2,0,0,2,0,0,0,5,1,0,1425,12,0,0,14,0,1,660,50,27,7.575757575757576,4.090909090909091,77,11.666666666666666
E01011412,E02002386,E08000035,1724,44,3,11,25,6,2,1,9,8,10,9,6,11,5,5,1647,23,0,0,29,0,2,798,95,45,11.904761904761905,5.639097744360902,140,17.54385964912281
E01011416,E02002398,E08000035,1418,29,2,5,16,8,6,1,0,0,5,0,10,1,3,0,1385,13,0,0,29,0,2,615,55,68,8.94308943089431,11.05691056910569,123,20
E01011413,E02002398,E08000035,1389,30,0,7,22,5,2,0,0,7,2,0,15,10,0,2,1352,15,0,0,27,0,0,594,53,37,8.922558922558922,6.228956228956229,90,15.151515151515152
E01011414,E02002402,E08000035,1431,36,1,9,10,7,4,0,1,1,3,1,1,7,7,1,1407,7,0,0,29,1,4,641,68,42,10.60842433697348,6.5522620904836195,110,17.160686427457097
E01011471,E02002421,E08000035,1254,142,1,127,40,8,2,1,0,2,24,0,10,179,13,29,1080,13,1,18,92,5,34,667,113,58,16.94152923538231,8.695652173913043,171,25.63718140929535
E01011415,E02002398,E08000035,1520,40,5,19,52,3,1,0,1,5,9,1,11,16,9,4,1406,25,0,0,31,8,57,726,76,46,10.46831955922865,6.336088154269972,122,16.804407713498623
E01011417,E02002398,E08000035,1439,46,5,9,19,11,1,0,0,4,5,0,7,18,9,1,1388,20,0,0,36,1,5,737,40,39,5.4274084124830395,5.291723202170964,79,10.719131614654003
E01011411,E02002402,E08000035,1614,51,4,10,25,6,4,0,0,9,5,0,4,10,4,2,1563,31,0,0,40,1,5,725,76,58,10.482758620689655,8,134,18.482758620689655
E01011420,E02002398,E08000035,1293,28,6,5,18,7,2,0,1,0,11,1,4,1,3,0,1273,17,0,0,16,0,3,629,37,32,5.882352941176471,5.087440381558029,69,10.9697933227345
E01011418,E02002402,E08000035,1379,21,3,10,28,8,2,6,0,8,2,0,2,9,13,1,1324,12,0,0,17,5,7,626,54,41,8.626198083067093,6.5495207667731625,95,15.175718849840255
E01011419,E02002402,E08000035,1063,24,2,2,17,1,1,0,0,1,1,0,1,0,1,1,1039,22,1,0,11,0,0,499,35,21,7.014028056112225,4.208416833667335,56,11.22244488977956
E01011407,E02002386,E08000035,1350,40,0,12,20,1,4,0,0,0,4,0,0,5,6,1,1311,11,0,0,37,0,5,665,66,35,9.924812030075188,5.2631578947368425,101,15.18796992481203
E01011410,E02002386,E08000035,1550,23,6,19,41,14,5,0,0,8,6,0,21,22,7,4,1494,9,0,0,27,0,10,785,56,62,7.13375796178344,7.898089171974522,118,15.031847133757962
E01011423,E02002376,E08000035,1299,114,16,90,195,19,1,1,60,6,376,60,32,120,36,20,735,14,0,3,92,21,39,593,101,73,17.032040472175378,12.310286677908937,174,29.342327150084316
E01011421,E02002369,E08000035,1153,97,11,47,210,7,0,0,13,18,277,13,61,54,29,13,714,33,4,6,61,7,51,604,87,44,14.403973509933774,7.28476821192053,131,21.688741721854306
E01011425,E02002369,E08000035,1229,87,5,41,163,25,0,2,27,17,245,27,28,48,65,22,776,36,0,0,56,8,35,605,73,61,12.066115702479339,10.082644628099173,134,22.14876033057851
E01011428,E02002377,E08000035,1006,353,8,168,562,37,0,4,121,1,860,121,165,231,48,22,160,7,22,41,199,17,143,651,154,67,23.655913978494624,10.291858678955453,221,33.947772657450074
E01011427,E02002376,E08000035,1282,182,2,141,422,14,2,1,113,3,823,113,111,211,34,31,379,10,0,34,92,14,95,583,124,77,21.269296740994854,13.20754716981132,201,34.476843910806174
E01011431,E02002376,E08000035,1421,191,2,192,280,12,1,0,30,12,350,30,132,245,72,45,780,15,5,0,147,26,60,838,108,93,12.88782816229117,11.097852028639618,201,23.985680190930786
E01011432,E02002382,E08000035,883,383,9,122,322,16,0,0,19,17,455,19,65,192,38,21,379,12,17,35,201,14,143,570,111,71,19.473684210526315,12.456140350877194,182,31.92982456140351
E01011433,E02002382,E08000035,823,528,9,283,256,23,3,2,53,4,284,53,95,409,28,12,383,41,38,87,248,9,130,689,161,77,23.367198838896954,11.175616835994195,238,34.542815674891145
E01011444,E02006861,E08000035,1660,107,21,47,116,38,2,1,10,18,72,10,29,45,13,2,1434,30,0,2,117,29,22,632,19,15,3.0063291139240507,2.3734177215189876,34,5.379746835443038
E01011449,E02002383,E08000035,1145,86,13,40,170,14,2,8,3,10,135,3,55,42,28,2,874,13,0,4,72,33,59,620,36,24,5.806451612903226,3.870967741935484,60,9.67741935483871
E01011447,E02002383,E08000035,1132,62,11,44,142,24,10,1,4,31,90,4,35,33,15,6,908,15,0,6,83,8,22,433,16,10,3.695150115473441,2.3094688221709005,26,6.0046189376443415
E01011448,E02002383,E08000035,1360,80,15,86,111,18,3,6,7,8,91,7,46,87,15,13,1092,38,0,5,80,14,33,470,28,14,5.957446808510638,2.978723404255319,42,8.936170212765957
E01011450,E02002367,E08000035,1007,93,11,42,127,20,1,0,5,22,43,5,36,52,25,14,765,22,0,8,82,29,28,515,47,48,9.12621359223301,9.320388349514563,95,18.446601941747574
E01011446,E02002383,E08000035,1429,90,13,44,141,29,5,5,3,12,197,3,35,45,15,7,1136,34,0,0,79,4,35,514,24,9,4.669260700389105,1.7509727626459144,33,6.42023346303502
E01011445,E02002383,E08000035,1579,57,7,21,89,32,7,0,1,18,71,1,24,31,13,3,1347,23,0,2,88,3,13,472,15,3,3.1779661016949152,0.635593220338983,18,3.8135593220338984
E01011392,E02002416,E08000035,1928,26,2,6,13,8,2,0,0,5,9,0,9,2,7,10,1848,6,0,1,27,3,3,813,108,67,13.284132841328413,8.241082410824108,175,21.52521525215252
E01011451,E02006861,E08000035,1317,98,14,44,47,24,9,0,4,13,8,4,9,33,2,1,1226,25,0,0,98,3,26,524,25,20,4.770992366412214,3.816793893129771,45,8.587786259541986
E01011391,E02002416,E08000035,1523,6,2,11,9,7,1,0,0,9,4,0,2,2,3,1,1491,8,0,0,7,0,2,713,48,34,6.732117812061711,4.768583450210379,82,11.50070126227209
E01011390,E02002416,E08000035,1306,36,4,6,8,5,1,0,0,1,13,0,2,1,0,0,1298,7,0,0,23,1,1,606,57,37,9.405940594059405,6.105610561056106,94,15.511551155115512
E01011406,E02002386,E08000035,1235,39,3,8,21,5,4,0,1,5,3,1,12,11,4,1,1203,23,0,0,24,0,2,579,55,37,9.499136442141623,6.390328151986183,92,15.889464594127807
E01011409,E02002386,E08000035,1388,35,4,5,9,1,0,0,0,0,8,0,0,3,5,0,1338,31,0,0,19,2,4,662,46,36,6.948640483383686,5.438066465256798,82,12.386706948640484
E01011424,E02002376,E08000035,1280,151,4,116,361,24,1,2,72,9,573,72,163,170,47,43,439,12,1,21,106,13,47,577,106,86,18.370883882149048,14.90467937608319,192,33.27556325823224
E01011426,E02002377,E08000035,1025,90,6,88,442,40,1,6,727,14,276,727,49,119,94,29,110,4,14,25,72,8,35,498,98,66,19.67871485943775,13.25301204819277,164,32.93172690763052
E01011429,E02002377,E08000035,1117,186,7,211,490,46,0,2,339,16,535,339,85,272,136,55,198,3,17,26,76,34,90,743,106,72,14.266487213997308,9.690444145356663,178,23.95693135935397
E01011430,E02002382,E08000035,881,310,3,129,390,16,0,2,49,0,718,49,159,178,18,34,151,11,20,59,128,21,119,481,116,65,24.116424116424117,13.513513513513514,181,37.62993762993763
E01011434,E02002382,E08000035,815,414,7,252,295,17,2,4,5,21,408,5,70,375,41,39,258,7,14,47,249,8,99,655,167,70,25.49618320610687,10.687022900763358,237,36.18320610687023
E01011394,E02002432,E08000035,1126,15,3,0,7,3,2,0,0,2,0,0,2,0,2,1,1105,6,0,0,12,0,1,492,43,31,8.739837398373984,6.300813008130081,74,15.040650406504065
E01011395,E02002432,E08000035,1161,12,0,11,10,2,1,0,0,11,6,0,0,9,1,0,1092,12,1,0,7,6,1,468,48,50,10.256410256410257,10.683760683760683,98,20.94017094017094
E01011393,E02002432,E08000035,2118,37,3,20,12,11,0,0,0,4,4,0,0,22,0,0,2087,16,0,0,25,0,3,896,99,87,11.049107142857142,9.709821428571429,186,20.758928571428573
E01011397,E02002406,E08000035,1448,18,1,8,13,12,1,0,0,5,0,0,6,5,0,0,1415,26,0,0,13,0,4,611,76,34,12.438625204582651,5.5646481178396074,110,18.00327332242226
E01011470,E02006876,E08000035,1112,92,12,36,36,6,2,0,2,14,4,2,9,46,3,7,1078,9,0,3,73,0,19,596,70,33,11.74496644295302,5.5369127516778525,103,17.28187919463087
E01011472,E02002421,E08000035,1422,122,2,75,26,7,1,0,0,8,4,0,15,129,0,6,1327,7,2,2,93,4,18,717,85,61,11.854951185495118,8.507670850767084,146,20.362622036262202
E01011473,E02002421,E08000035,1173,160,9,158,34,8,0,0,4,3,32,4,17,271,11,16,966,6,8,13,134,8,7,618,92,83,14.88673139158576,13.43042071197411,175,28.31715210355987
E01011474,E02002421,E08000035,1353,114,5,83,30,5,1,0,0,8,12,0,7,118,5,10,1238,8,12,5,91,5,7,656,96,67,14.634146341463415,10.213414634146341,163,24.847560975609756
E01011475,E02002423,E08000035,1364,128,11,83,18,5,2,0,3,8,2,3,7,106,1,18,1276,14,3,0,113,5,3,689,96,73,13.933236574746008,10.595065312046444,169,24.528301886792452
E01011466,E02002423,E08000035,1391,87,6,31,21,1,0,0,1,4,7,1,2,45,3,5,1339,7,1,2,74,0,8,648,73,55,11.265432098765432,8.487654320987655,128,19.753086419753085
E01011467,E02006876,E08000035,1395,204,11,127,222,34,1,0,3,47,20,3,26,173,16,40,1136,11,4,1,187,21,26,807,100,82,12.391573729863692,10.161090458488228,182,22.55266418835192
E01011468,E02006876,E08000035,1606,154,5,174,66,18,3,0,2,79,23,2,20,237,14,29,1366,12,3,6,88,14,25,923,113,75,12.242686890574214,8.125677139761647,188,20.36836403033586
E01011469,E02002423,E08000035,1270,98,3,17,23,3,2,1,0,17,10,0,8,28,11,7,1189,12,4,0,98,0,2,626,65,39,10.383386581469649,6.2300319488817895,104,16.61341853035144
E01011476,E02002423,E08000035,1061,112,1,43,10,3,1,0,0,3,13,0,1,62,6,5,979,7,0,1,108,0,6,491,76,55,15.478615071283096,11.201629327902241,131,26.680244399185337
E01011482,E02002385,E08000035,1434,143,8,46,85,20,2,0,0,14,17,0,29,41,19,0,1296,26,4,7,137,14,22,876,34,46,3.8812785388127855,5.251141552511416,80,9.132420091324201
E01011483,E02002385,E08000035,1175,100,3,103,215,17,1,10,10,15,286,10,65,106,26,4,804,17,1,10,77,32,50,700,53,20,7.571428571428571,2.857142857142857,73,10.428571428571429
E01032494,E02002362,E08000035,1612,95,14,69,104,12,2,0,3,16,35,3,41,70,9,13,1387,25,2,4,91,39,41,720,81,63,11.25,8.75,144,20
E01011485,E02002362,E08000035,1328,78,22,57,123,20,0,1,1,12,91,1,41,46,43,13,1085,22,0,0,90,26,67,764,97,57,12.696335078534032,7.460732984293194,154,20.157068062827225
E01011489,E02002374,E08000035,1449,111,26,64,82,21,11,1,1,12,27,1,22,74,23,7,1285,15,0,3,117,22,45,859,79,65,9.19674039580908,7.566938300349244,144,16.763678696158323
E01011535,E02002437,E08000035,1644,15,0,7,41,5,2,0,0,8,8,0,4,7,1,1,1568,7,1,0,4,1,9,684,63,48,9.210526315789474,7.017543859649122,111,16.228070175438596
E01011537,E02002436,E08000035,1997,35,1,1,8,2,3,0,4,3,11,4,2,0,5,0,1973,13,1,0,14,0,1,968,85,45,8.78099173553719,4.648760330578512,130,13.429752066115702
E01011548,E02002435,E08000035,1438,30,3,7,27,1,1,0,0,12,16,0,7,1,0,0,1390,3,0,0,24,0,4,645,78,42,12.093023255813954,6.511627906976744,120,18.6046511627907
E01011536,E02002437,E08000035,1598,15,0,2,35,1,1,0,0,7,12,0,3,0,0,0,1543,4,1,0,8,0,16,713,63,46,8.835904628330995,6.451612903225806,109,15.287517531556801
E01011538,E02002436,E08000035,1531,19,2,14,14,1,3,0,0,4,8,0,2,11,9,2,1475,9,4,0,15,0,2,694,73,53,10.518731988472622,7.636887608069165,126,18.155619596541786
E01011553,E02002437,E08000035,1323,26,0,6,16,3,4,0,0,3,12,0,2,10,0,0,1278,8,0,0,24,0,14,616,58,41,9.415584415584416,6.6558441558441555,99,16.071428571428573
E01011549,E02002437,E08000035,1343,16,1,12,44,9,3,0,8,22,21,8,10,7,6,0,1268,8,0,0,13,3,4,516,50,45,9.689922480620154,8.720930232558139,95,18.410852713178294
E01011540,E02002431,E08000035,1812,67,4,43,81,8,2,0,0,15,8,0,20,84,9,5,1672,1,2,6,68,6,15,876,137,74,15.639269406392694,8.447488584474886,211,24.08675799086758
E01032492,E02002431,E08000035,1900,116,8,24,42,7,3,0,1,15,13,1,15,19,5,5,1807,17,0,0,109,2,18,1059,82,65,7.743153918791313,6.137865911237016,147,13.881019830028329
E01032491,E02002431,E08000035,1105,27,6,16,39,1,1,0,0,4,16,0,3,10,0,2,1055,4,0,0,37,0,15,489,39,49,7.975460122699387,10.020449897750511,88,17.995910020449898
E01011545,E02002433,E08000035,1298,30,2,10,13,1,3,0,0,4,7,0,3,2,4,3,1251,11,0,0,27,1,3,662,72,32,10.876132930513595,4.833836858006042,104,15.709969788519638
E01011477,E02002374,E08000035,1465,140,21,140,219,34,2,3,8,29,98,8,81,140,19,14,1191,24,0,5,112,91,58,921,88,49,9.554831704668839,5.320304017372421,137,14.875135722041259
E01011547,E02002433,E08000035,1815,97,4,13,50,8,4,0,0,12,4,0,6,4,5,1,1728,12,9,0,85,9,11,935,94,60,10.053475935828876,6.4171122994652405,154,16.470588235294116
E01011546,E02002435,E08000035,1589,65,3,16,40,5,3,0,0,12,17,0,9,16,1,6,1530,2,0,0,58,7,6,781,81,61,10.371318822023047,7.810499359795134,142,18.181818181818183
E01032490,E02002431,E08000035,1282,35,5,19,41,7,7,0,0,27,12,0,2,7,5,6,1230,10,0,0,35,0,8,570,48,48,8.421052631578947,8.421052631578947,96,16.842105263157894
E01011541,E02002433,E08000035,1802,93,8,35,74,18,3,1,0,10,8,0,15,35,14,5,1744,17,0,0,83,10,9,1184,61,35,5.152027027027027,2.956081081081081,96,8.108108108108109
E01011550,E02002435,E08000035,1289,24,6,6,26,3,1,0,4,6,8,4,8,4,1,0,1222,10,0,3,10,4,7,557,41,50,7.360861759425494,8.976660682226212,91,16.337522441651707
E01032489,E02002431,E08000035,1901,107,7,16,71,8,4,0,0,28,14,0,11,9,10,1,1749,19,0,2,116,8,11,995,121,67,12.160804020100503,6.733668341708543,188,18.894472361809044
E01011507,E02002354,E08000035,1424,70,10,34,93,22,2,1,9,8,96,9,13,25,24,8,1128,22,0,0,69,22,36,649,98,45,15.10015408320493,6.933744221879815,143,22.033898305084747
E01011480,E02002374,E08000035,1328,74,7,36,169,21,3,0,4,17,205,4,36,29,9,7,1021,22,0,3,69,26,19,649,61,37,9.399075500770415,5.701078582434515,98,15.10015408320493
E01011479,E02002385,E08000035,1305,84,5,29,60,31,3,4,0,11,29,0,34,27,13,5,1152,21,0,1,85,4,13,621,16,6,2.576489533011272,0.966183574879227,22,3.5426731078904994
E01011478,E02002385,E08000035,1519,91,6,38,89,12,9,4,0,14,124,0,13,39,19,7,1271,10,1,3,100,18,22,801,39,32,4.868913857677903,3.9950062421972534,71,8.8639200998751555
E01011481,E02002385,E08000035,1302,79,8,94,292,30,3,5,9,31,270,9,70,69,15,22,921,19,0,7,74,47,60,709,54,29,7.616361071932299,4.090267983074753,83,11.706629055007053
E01011484,E02002362,E08000035,1328,55,7,49,143,13,1,2,0,13,87,0,51,54,15,7,1104,13,0,2,45,51,54,664,94,58,14.156626506024097,8.734939759036145,152,22.89156626506024
E01032493,E02002362,E08000035,1209,72,6,17,48,12,2,0,1,5,18,1,11,11,18,4,1090,18,0,3,74,11,21,641,49,37,7.644305772230889,5.772230889235569,86,13.41653666146646
E01011488,E02002374,E08000035,1307,69,13,15,42,10,4,3,9,6,23,9,24,19,21,6,1162,20,0,0,74,7,8,693,62,35,8.946608946608947,5.05050505050505,97,13.997113997113997
E01011492,E02002430,E08000035,1462,157,4,74,24,9,0,1,0,16,4,0,12,119,10,21,1307,6,6,3,141,8,9,663,132,83,19.90950226244344,12.518853695324283,215,32.42835595776772
E01011522,E02002424,E08000035,1318,19,5,3,16,7,2,0,1,7,7,1,4,0,6,0,1292,6,2,0,13,4,0,590,60,43,10.169491525423728,7.288135593220339,103,17.45762711864407
E01011528,E02002424,E08000035,1479,32,6,22,55,4,1,1,0,17,4,0,11,18,3,10,1378,17,0,0,31,0,20,617,67,52,10.85899513776337,8.427876823338735,119,19.286871961102108
E01011493,E02002430,E08000035,1349,117,17,66,59,1,1,0,4,8,5,4,9,81,8,24,1223,5,0,3,121,17,37,663,110,72,16.591251885369534,10.85972850678733,182,27.45098039215686
E01032496,E02002434,E08000035,2095,44,7,14,34,5,3,0,1,26,0,1,5,10,8,3,2035,10,0,0,39,4,1,946,82,97,8.668076109936575,10.253699788583509,179,18.921775898520085
E01011497,E02002430,E08000035,1435,129,3,114,38,6,0,2,0,28,9,0,8,151,14,59,1227,6,2,2,133,12,21,677,136,84,20.088626292466767,12.407680945347119,220,32.49630723781389
E01035051,E02002434,E08000035,1391,92,3,40,55,26,1,0,0,18,29,0,13,59,14,3,1269,8,0,0,108,10,8,608,94,70,15.460526315789474,11.513157894736842,164,26.973684210526315
E01035052,E02002434,E08000035,1352,47,5,27,15,7,0,0,0,8,6,0,3,35,6,11,1295,1,8,0,47,0,6,593,93,56,15.682967959527824,9.443507588532883,149,25.126475548060707
E01035050,E02002434,E08000035,1334,108,19,82,57,15,3,1,3,20,8,3,13,123,12,15,1194,2,0,3,126,4,19,609,114,86,18.7192118226601,14.12151067323481,200,32.84072249589491
E01035053,E02002434,E08000035,1631,36,8,20,35,3,2,0,3,29,1,3,9,22,2,2,1548,9,2,0,42,1,1,654,100,87,15.290519877675841,13.302752293577981,187,28.593272171253822
E01011500,E02002434,E08000035,1519,31,2,4,14,6,2,1,4,7,3,4,2,7,2,2,1473,6,0,1,23,1,2,690,56,48,8.115942028985508,6.956521739130435,104,15.072463768115941
E01011515,E02002352,E08000035,1208,85,9,26,131,32,3,0,4,8,75,4,18,14,13,1,1037,42,0,0,76,7,38,666,66,45,9.90990990990991,6.756756756756757,111,16.666666666666668
E01011506,E02002354,E08000035,1147,42,22,48,256,21,2,1,7,7,334,7,42,30,22,10,614,15,0,0,51,4,40,524,83,51,15.83969465648855,9.732824427480915,134,25.572519083969464
E01011517,E02002353,E08000035,1433,81,2,44,124,30,1,0,10,28,86,10,26,23,55,17,1116,21,0,0,81,7,40,750,95,66,12.666666666666666,8.8,161,21.466666666666665
E01011516,E02002352,E08000035,1506,69,11,31,101,24,3,0,8,16,146,8,13,12,36,7,1179,28,5,4,62,1,42,660,96,57,14.545454545454545,8.636363636363637,153,23.181818181818183
E01011504,E02002361,E08000035,1279,79,7,71,98,28,2,0,4,19,76,4,30,71,49,27,938,18,0,1,77,10,30,748,95,89,12.70053475935829,11.898395721925134,184,24.59893048128342
E01011509,E02002352,E08000035,1215,75,11,31,86,16,0,0,8,22,37,8,22,16,15,7,1023,27,0,0,70,5,41,639,63,44,9.859154929577464,6.885758998435055,107,16.74491392801252
E01011511,E02002352,E08000035,1083,86,9,51,168,17,0,0,1,18,233,1,44,40,17,6,659,18,0,0,97,8,55,538,79,36,14.684014869888475,6.691449814126394,115,21.37546468401487
E01011514,E02002354,E08000035,1398,77,7,29,245,19,10,2,5,25,308,5,41,17,21,10,880,39,5,0,68,2,61,647,96,61,14.837712519319938,9.428129829984544,157,24.26584234930448
E01011513,E02002360,E08000035,1898,101,10,46,161,18,1,3,2,41,29,2,65,38,70,8,1602,35,0,0,98,16,25,969,114,94,11.764705882352942,9.700722394220847,208,21.46542827657379
E01011505,E02002354,E08000035,1288,62,9,67,257,19,0,0,4,45,198,4,47,38,28,3,870,18,0,0,62,30,42,651,92,74,14.1321044546851,11.367127496159755,166,25.499231950844855
E01011521,E02002425,E08000035,2093,26,3,12,33,3,1,0,0,9,24,0,7,5,5,1,2012,7,1,0,28,0,9,1007,100,72,9.930486593843098,7.149950347567031,172,17.080436941410127
E01011523,E02002425,E08000035,1797,23,3,12,50,5,4,0,0,24,19,0,1,4,4,3,1748,3,1,0,23,0,3,812,96,68,11.822660098522167,8.374384236453203,164,20.19704433497537
E01011529,E02002425,E08000035,1311,28,3,7,9,7,1,0,3,9,4,3,2,4,5,2,1280,9,2,0,20,0,6,593,64,46,10.79258010118044,7.75716694772344,110,18.54974704890388
E01011527,E02002425,E08000035,1676,26,8,9,20,4,0,1,0,0,12,0,7,6,3,1,1638,9,0,0,24,0,2,772,52,46,6.7357512953367875,5.958549222797927,98,12.694300518134716
E01011531,E02002422,E08000035,1562,41,3,18,42,4,0,0,1,14,4,1,14,6,1,3,1475,10,0,3,42,0,10,769,68,52,8.842652795838752,6.7620286085825745,120,15.604681404421326
E01011532,E02002424,E08000035,1503,36,13,14,31,4,1,0,0,2,2,0,25,8,5,4,1425,9,3,1,45,0,1,698,80,51,11.461318051575931,7.306590257879656,131,18.76790830945559
E01011525,E02002424,E08000035,1441,53,4,15,27,6,8,0,5,20,9,5,5,4,0,0,1382,5,0,0,50,3,1,694,77,60,11.095100864553315,8.645533141210375,137,19.740634005763688
E01011533,E02002433,E08000035,1252,55,10,20,34,4,7,2,0,10,6,0,7,15,3,0,1204,4,3,0,57,9,10,753,79,39,10.49136786188579,5.179282868525896,118,15.670650730411687
E01011534,E02002435,E08000035,2097,53,8,37,144,18,4,0,3,30,12,3,11,46,10,6,1928,8,0,6,55,0,21,1016,181,93,17.81496062992126,9.153543307086615,274,26.968503937007874
E01011530,E02002435,E08000035,1279,29,8,15,32,5,0,0,0,8,4,0,3,10,3,2,1217,6,0,0,27,6,10,632,47,39,7.436708860759493,6.170886075949367,86,13.60759493670886
E01011518,E02002422,E08000035,2014,93,9,36,116,24,3,0,1,15,8,1,14,48,10,2,1845,9,1,1,96,6,17,998,110,69,11.022044088176353,6.913827655310621,179,17.935871743486974
E01011524,E02002422,E08000035,1131,38,11,6,23,5,1,0,1,1,0,1,1,5,0,0,1088,10,0,0,47,0,6,551,39,27,7.078039927404719,4.900181488203267,66,11.978221415607985
E01011526,E02002422,E08000035,1154,36,3,17,46,6,5,0,4,19,5,4,9,24,5,0,1096,7,0,0,31,5,9,491,55,44,11.201629327902241,8.961303462321792,99,20.162932790224033
E01011551,E02002436,E08000035,1682,31,7,4,29,0,3,0,3,7,11,3,3,6,0,1,1645,4,6,0,25,7,1,722,99,61,13.71191135734072,8.448753462603879,160,22.1606648199446
E01011552,E02002436,E08000035,1425,50,5,18,19,2,3,1,0,6,8,0,4,19,2,2,1344,2,0,0,37,3,10,606,80,53,13.201320132013201,8.745874587458745,133,21.94719471947195
E01011557,E02002344,E08000035,1181,46,11,34,145,4,0,0,0,23,62,0,25,20,0,0,917,24,2,0,56,17,74,606,50,53,8.250825082508252,8.745874587458745,103,16.996699669966997
E01011558,E02002347,E08000035,1314,83,24,67,259,22,3,6,5,31,115,5,109,71,35,18,855,8,0,5,99,57,108,738,130,88,17.615176151761517,11.924119241192411,218,29.539295392953928
E01011555,E02002347,E08000035,1126,55,8,34,149,11,2,0,9,49,86,9,23,15,7,3,860,30,0,0,52,21,36,569,64,45,11.24780316344464,7.9086115992970125,109,19.15641476274165
E01011560,E02002347,E08000035,1452,93,11,75,284,20,0,1,12,73,116,12,113,69,41,15,1026,7,1,0,102,40,130,864,145,69,16.78240740740741,7.986111111111111,214,24.76851851851852
E01011559,E02002347,E08000035,1084,72,28,63,215,12,2,0,12,36,101,12,103,95,23,14,797,3,0,8,71,36,76,588,92,65,15.646258503401361,11.054421768707483,157,26.700680272108844
E01011554,E02002341,E08000035,1245,57,2,24,96,15,11,0,0,22,45,0,18,12,7,7,1050,24,0,0,61,18,26,594,65,52,10.942760942760943,8.754208754208754,117,19.696969696969695
E01011565,E02002344,E08000035,1195,61,1,38,166,19,1,3,3,19,98,3,23,15,24,2,877,22,0,1,72,21,99,600,69,62,11.5,10.333333333333334,131,21.833333333333332
E01011563,E02002341,E08000035,1189,40,4,33,108,13,4,0,5,18,41,5,18,6,4,6,966,26,0,1,81,5,58,614,44,44,7.166123778501628,7.166123778501628,88,14.332247557003257
E01011567,E02002341,E08000035,1203,37,5,31,177,15,3,1,5,70,83,5,23,13,13,0,932,26,0,0,36,20,54,558,74,56,13.261648745519713,10.03584229390681,130,23.29749103942652
E01011568,E02002344,E08000035,1469,62,17,54,292,15,4,0,2,69,92,2,22,24,7,2,1114,32,0,0,95,9,71,907,106,57,11.686879823594268,6.284454244762955,163,17.971334068357223
E01011556,E02002344,E08000035,1220,112,17,48,231,16,2,1,10,30,92,10,33,21,14,9,916,14,0,3,126,20,58,783,72,54,9.195402298850574,6.896551724137931,126,16.091954022988507
E01011508,E02002353,E08000035,1164,37,5,55,153,19,1,0,2,15,223,2,34,13,8,7,806,17,0,1,40,5,82,477,87,41,18.238993710691823,8.59538784067086,128,26.834381551362682
E01011512,E02002352,E08000035,1363,81,10,50,194,23,0,2,5,31,132,5,44,25,16,8,1002,47,0,0,98,15,42,719,92,61,12.795549374130736,8.484005563282336,153,21.279554937413074
E01011510,E02002354,E08000035,1241,80,8,45,140,15,0,0,8,27,48,8,49,50,26,12,987,7,0,1,110,18,36,839,58,55,6.912991656734207,6.5554231227651965,113,13.468414779499405
E01011519,E02002424,E08000035,1431,32,6,14,21,4,2,0,3,3,5,3,3,12,0,3,1398,12,1,0,39,4,1,676,66,58,9.763313609467456,8.579881656804734,124,18.34319526627219
E01011520,E02002425,E08000035,1443,24,4,1,21,3,1,0,0,4,13,0,0,1,2,0,1397,6,11,0,17,0,9,674,54,50,8.011869436201781,7.4183976261127595,104,15.43026706231454
E01011491,E02002430,E08000035,1268,73,7,65,31,3,4,0,0,0,9,0,4,107,2,11,1172,4,6,5,63,0,29,612,103,57,16.830065359477125,9.313725490196079,160,26.143790849673202
E01011502,E02002428,E08000035,1256,84,6,21,16,3,2,0,1,1,4,1,7,35,9,8,1188,3,0,3,80,0,3,584,67,46,11.472602739726028,7.876712328767123,113,19.34931506849315
E01032497,E02002428,E08000035,1264,159,9,133,33,8,0,2,6,8,6,6,6,227,3,42,1053,6,1,0,147,0,30,629,110,59,17.488076311605724,9.379968203497615,169,26.86804451510334
E01032498,E02002428,E08000035,1543,55,3,16,37,7,1,0,0,11,2,0,19,20,2,10,1473,7,0,0,58,10,9,715,71,53,9.93006993006993,7.4125874125874125,124,17.342657342657343
E01011496,E02002429,E08000035,1440,50,2,7,16,3,4,0,0,6,8,0,6,3,4,2,1373,18,0,0,44,0,5,604,80,44,13.245033112582782,7.28476821192053,124,20.52980132450331
E01011494,E02002430,E08000035,1384,190,9,75,15,7,1,1,0,3,4,0,10,123,8,20,1237,9,4,3,165,12,8,622,98,97,15.755627009646302,15.594855305466238,195,31.35048231511254
E01035048,E02002428,E08000035,1556,128,24,90,84,8,2,1,2,32,31,2,26,108,12,17,1360,4,4,6,160,1,3,782,109,89,13.938618925831202,11.381074168797953,198,25.319693094629155
E01035049,E02002428,E08000035,1257,90,20,52,51,7,3,8,0,17,14,0,10,64,8,14,1148,4,2,1,104,0,6,696,76,68,10.919540229885058,9.770114942528735,144,20.689655172413794
E01011626,E02002404,E08000035,1703,240,4,258,139,51,2,0,24,13,50,24,59,284,33,50,1350,14,2,10,260,22,38,1171,163,61,13.919726729291204,5.209222886421862,224,19.128949615713065
E01011624,E02002401,E08000035,1445,194,9,133,56,21,1,0,3,26,15,3,30,179,30,45,1193,3,1,6,195,16,19,730,114,94,15.616438356164384,12.876712328767123,208,28.493150684931507
E01011625,E02002404,E08000035,1156,262,26,177,74,25,1,5,8,18,23,8,25,215,21,26,934,5,6,12,233,14,31,734,137,63,18.66485013623978,8.583106267029972,200,27.247956403269754
E01011617,E02002399,E08000035,1367,93,6,58,107,8,0,0,7,6,24,7,101,84,18,19,1171,8,0,2,85,3,35,680,88,65,12.941176470588236,9.558823529411764,153,22.5
E01011616,E02002401,E08000035,1416,105,8,79,27,8,1,2,0,14,15,0,7,123,13,19,1285,14,1,0,99,0,7,706,104,57,14.73087818696884,8.073654390934845,161,22.804532577903682
E01011622,E02002401,E08000035,1323,163,5,171,63,17,0,1,2,7,56,2,26,243,32,40,1066,10,2,4,119,10,29,706,124,79,17.56373937677054,11.189801699716714,203,28.753541076487252
E01011615,E02002399,E08000035,1370,60,8,50,82,10,2,0,0,17,40,0,37,54,11,6,1214,10,6,0,62,8,25,644,68,70,10.559006211180124,10.869565217391305,138,21.428571428571427
E01011618,E02002399,E08000035,1329,134,12,96,80,8,1,0,1,11,30,1,40,135,15,34,1129,8,3,9,96,11,13,712,100,70,14.044943820224718,9.831460674157304,170,23.876404494382022
E01011637,E02002426,E08000035,1604,50,1,4,22,7,3,0,0,10,4,0,3,5,1,0,1574,9,1,0,39,0,3,732,74,53,10.109289617486338,7.240437158469946,127,17.349726775956285
E01032487,E02002426,E08000035,996,28,0,10,7,0,1,0,0,0,5,0,1,9,2,2,952,7,1,0,23,0,7,461,55,40,11.93058568329718,8.676789587852495,95,20.607375271149674
E01011628,E02002427,E08000035,1198,8,2,3,12,1,4,0,0,3,6,0,0,2,1,0,1161,8,0,0,14,0,0,586,45,26,7.679180887372014,4.436860068259386,71,12.1160409556314
E01032488,E02002426,E08000035,1745,23,3,7,21,6,3,0,0,8,0,0,6,2,0,0,1705,6,0,0,26,1,7,759,79,47,10.408432147562582,6.19235836627141,126,16.600790513833992
E01011635,E02002426,E08000035,1678,36,1,25,88,4,1,0,5,11,7,5,23,24,2,5,1580,7,0,0,32,10,24,768,86,42,11.197916666666666,5.46875,128,16.666666666666668
E01011633,E02002427,E08000035,1406,22,3,1,27,6,5,0,0,5,4,0,3,1,4,2,1367,15,0,0,20,0,5,644,53,49,8.229813664596273,7.608695652173913,102,15.838509316770187
E01011639,E02002429,E08000035,1427,46,1,26,4,7,0,0,0,0,2,0,5,29,5,1,1378,7,3,0,30,0,2,637,63,50,9.89010989010989,7.849293563579278,113,17.739403453689167
E01011638,E02002426,E08000035,1349,26,5,5,8,5,3,0,0,3,0,0,1,0,3,0,1326,7,0,0,21,1,4,622,57,33,9.163987138263666,5.305466237942122,90,14.469453376205788
E01011627,E02002427,E08000035,1285,43,3,13,9,5,1,0,0,2,0,0,2,15,6,0,1251,11,5,5,23,3,0,584,66,60,11.301369863013699,10.273972602739725,126,21.575342465753426
E01011630,E02002429,E08000035,1916,59,6,10,18,6,5,0,1,4,5,1,4,9,3,0,1850,24,7,0,38,3,4,890,93,70,10.44943820224719,7.865168539325842,163,18.314606741573034
E01011629,E02002427,E08000035,1254,32,5,6,6,2,2,0,0,0,3,0,2,4,2,2,1180,35,1,0,43,5,4,618,61,43,9.870550161812298,6.957928802588997,104,16.828478964401295
E01011636,E02002429,E08000035,1786,58,1,6,28,4,3,0,0,3,2,0,10,4,3,1,1775,20,0,0,33,1,7,838,96,58,11.455847255369928,6.921241050119332,154,18.37708830548926
E01011634,E02002429,E08000035,1534,22,1,5,13,2,8,0,0,2,9,0,3,1,0,0,1504,7,0,0,22,1,7,683,72,53,10.541727672035138,7.759882869692533,125,18.301610541727673
E01011613,E02002405,E08000035,1663,51,4,28,43,2,3,0,4,3,36,4,13,14,0,4,1558,21,0,0,46,1,23,692,110,84,15.895953757225433,12.138728323699421,194,28.034682080924856
E01011608,E02002397,E08000035,1280,46,1,16,27,9,0,0,0,13,9,0,1,13,3,3,1228,4,0,0,48,0,10,595,63,48,10.588235294117647,8.067226890756302,111,18.65546218487395
E01011581,E02002332,E08000035,1588,28,3,10,22,4,4,0,0,11,1,0,8,3,3,4,1558,4,0,0,31,0,2,729,75,39,10.2880658436214,5.349794238683128,114,15.637860082304528
E01011578,E02002340,E08000035,1216,21,3,3,20,7,3,0,0,13,0,0,1,1,2,0,1193,5,1,0,18,2,3,627,54,42,8.61244019138756,6.698564593301436,96,15.311004784688995
E01011598,E02002391,E08000035,1521,22,0,14,16,7,1,0,1,3,10,1,7,11,5,0,1477,10,0,1,26,2,2,745,70,31,9.395973154362416,4.1610738255033555,101,13.557046979865772
E01011564,E02002341,E08000035,1352,43,9,42,94,13,3,0,5,7,42,5,44,39,13,2,1132,19,0,0,57,9,43,605,69,52,11.40495867768595,8.59504132231405,121,20
E01011566,E02002344,E08000035,1003,50,4,32,229,16,2,1,1,49,82,1,30,14,13,3,708,9,0,7,54,7,95,554,71,47,12.815884476534295,8.483754512635379,118,21.299638989169676
E01011561,E02002335,E08000035,1055,25,6,16,76,9,1,0,0,18,20,0,8,4,8,3,916,16,0,0,29,4,17,518,49,34,9.45945945945946,6.563706563706564,83,16.023166023166024
E01011562,E02002341,E08000035,1245,41,5,40,216,15,4,1,2,29,63,2,47,1,5,1,940,18,3,0,59,27,92,624,54,49,8.653846153846153,7.852564102564102,103,16.506410256410255
E01011579,E02002343,E08000035,1284,28,4,9,8,11,0,0,0,2,7,0,4,1,2,6,1249,6,0,3,21,3,4,525,70,64,13.333333333333334,12.19047619047619,134,25.523809523809526
E01011580,E02002343,E08000035,1304,16,4,13,22,6,6,0,0,2,13,0,7,6,2,1,1275,14,1,0,17,3,4,629,47,40,7.472178060413355,6.359300476947536,87,13.83147853736089
E01011602,E02002405,E08000035,1901,41,3,4,18,2,5,0,0,9,4,0,7,2,2,0,1865,14,0,1,34,3,8,909,92,61,10.121012101210122,6.710671067106711,153,16.831683168316832
E01011614,E02002397,E08000035,1739,50,5,10,49,3,4,0,8,13,5,8,7,9,3,1,1663,6,1,5,44,3,18,865,68,36,7.861271676300578,4.161849710982659,104,12.023121387283236
E01011612,E02002408,E08000035,1306,37,3,3,35,5,3,0,6,5,8,6,5,2,1,0,1274,15,2,0,35,0,1,746,34,33,4.557640750670242,4.423592493297587,67,8.981233243967829
E01011600,E02002408,E08000035,1453,24,3,14,17,3,1,1,6,13,5,6,3,11,1,4,1406,6,0,0,20,4,1,690,44,45,6.3768115942028984,6.521739130434782,89,12.898550724637682
E01011605,E02002405,E08000035,1700,12,1,6,29,9,0,1,0,6,18,0,3,1,3,1,1656,1,0,0,19,0,5,719,74,70,10.292072322670375,9.735744089012517,144,20.027816411682892
E01011623,E02002404,E08000035,1174,204,19,171,113,18,1,2,1,2,22,1,56,236,9,34,980,16,10,6,140,17,60,701,133,68,18.97289586305278,9.70042796005706,201,28.673323823109843
E01011620,E02002401,E08000035,1160,100,7,82,20,12,0,0,8,4,19,8,11,107,6,18,1008,3,0,0,108,1,5,498,94,64,18.87550200803213,12.85140562248996,158,31.72690763052209
E01011621,E02002399,E08000035,1246,111,10,120,70,9,1,0,5,7,19,5,44,193,13,25,1053,9,6,4,73,15,36,593,96,66,16.188870151770658,11.129848229342327,162,27.318718381112983
E01033021,E02002404,E08000035,1440,233,9,180,166,28,8,1,3,31,18,3,41,222,18,41,1208,15,3,5,203,33,79,1085,86,37,7.926267281105991,3.410138248847926,123,11.336405529953916
E01011609,E02002397,E08000035,1289,48,10,17,62,3,1,1,0,23,1,0,9,21,4,2,1245,9,0,0,47,14,8,656,63,51,9.603658536585366,7.774390243902439,114,17.378048780487806
E01011611,E02002397,E08000035,1363,66,2,26,24,3,1,1,0,12,11,0,6,24,3,1,1315,7,0,0,62,6,7,619,91,64,14.70113085621971,10.339256865912763,155,25.040387722132472
E01011610,E02002397,E08000035,1428,34,4,11,43,7,3,0,0,14,24,0,6,3,2,1,1360,9,0,2,27,1,7,691,63,37,9.117221418234443,5.354558610709117,100,14.47178002894356
E01011606,E02002405,E08000035,1697,113,4,33,198,1,3,0,24,16,308,24,14,20,4,7,1259,15,0,0,94,0,54,763,115,69,15.07208387942333,9.043250327653997,184,24.115334207077325
E01011604,E02002408,E08000035,1273,20,2,11,38,5,2,0,0,9,19,0,6,1,3,0,1236,3,0,0,30,3,5,630,67,41,10.634920634920634,6.507936507936508,108,17.142857142857142
E01011601,E02002408,E08000035,1520,42,2,14,28,12,2,0,0,6,4,0,7,15,13,1,1439,8,0,0,31,5,8,663,75,73,11.312217194570136,11.010558069381599,148,22.322775263951733
E01011603,E02002405,E08000035,1508,36,9,3,31,3,1,0,0,22,7,0,2,2,1,0,1458,12,1,0,39,9,1,705,61,53,8.652482269503546,7.5177304964539005,114,16.170212765957448
E01011607,E02002408,E08000035,1563,50,7,6,26,4,2,0,0,9,9,0,14,3,1,0,1518,4,1,5,51,3,4,713,97,62,13.604488078541374,8.695652173913043,159,22.30014025245442
E01011582,E02002332,E08000035,1550,22,4,5,17,11,2,1,0,0,10,0,8,3,4,1,1515,14,0,0,23,0,1,749,83,43,11.081441922563418,5.740987983978638,126,16.822429906542055
E01011583,E02002332,E08000035,1529,21,2,4,11,1,4,0,0,2,10,0,0,1,1,0,1475,5,0,0,27,3,0,649,71,55,10.939907550077042,8.474576271186441,126,19.41448382126348
E01011570,E02002336,E08000035,2196,46,3,25,22,9,4,0,1,6,4,1,8,12,2,0,2145,18,0,0,43,7,5,964,101,69,10.477178423236515,7.157676348547718,170,17.634854771784234
E01011591,E02002381,E08000035,1534,47,7,19,16,5,7,0,0,4,5,0,0,8,1,2,1488,19,1,0,37,11,8,830,83,33,10,3.9759036144578315,116,13.975903614457831
E01011593,E02002368,E08000035,1880,28,0,7,46,1,3,0,0,4,7,0,13,3,1,0,1821,11,0,0,16,7,4,851,103,56,12.103407755581669,6.580493537015276,159,18.683901292596946
E01011592,E02002368,E08000035,1547,30,5,4,19,6,1,0,0,0,11,0,6,2,1,0,1505,12,1,0,26,1,6,788,73,49,9.263959390862944,6.218274111675127,122,15.48223350253807
E01011596,E02002391,E08000035,1564,29,3,11,30,8,3,0,0,6,14,0,6,3,1,0,1510,6,1,1,25,5,14,777,66,55,8.494208494208495,7.078507078507078,121,15.572715572715573
E01011595,E02002395,E08000035,1636,69,9,35,412,1,4,1,7,4,476,7,40,10,1,10,828,8,0,0,63,18,118,804,98,58,12.189054726368159,7.213930348258707,156,19.402985074626866
E01011594,E02002391,E08000035,1449,18,1,40,30,4,2,0,0,2,8,0,12,69,2,0,1370,5,0,0,13,0,6,635,86,65,13.543307086614174,10.236220472440944,151,23.77952755905512
E01011597,E02002395,E08000035,1275,40,6,32,345,9,0,0,21,13,555,21,32,22,8,4,563,7,0,0,45,11,108,556,81,67,14.568345323741006,12.050359712230216,148,26.618705035971225
E01011585,E02002391,E08000035,1322,33,4,8,26,7,2,0,0,11,0,0,5,5,1,0,1267,7,0,0,39,2,16,674,65,41,9.643916913946587,6.083086053412463,106,15.72700296735905
E01011586,E02002395,E08000035,1474,73,9,37,248,8,1,0,11,2,399,11,26,25,11,7,923,15,0,0,59,11,77,694,120,55,17.29106628242075,7.92507204610951,175,25.21613832853026
E01011589,E02002368,E08000035,1520,32,2,14,17,7,5,0,0,3,8,0,6,9,1,1,1451,10,0,0,25,5,8,695,93,57,13.381294964028777,8.201438848920864,150,21.58273381294964
E01011590,E02002368,E08000035,1628,13,5,7,34,6,6,0,0,1,37,0,4,3,1,0,1532,9,3,0,18,4,7,660,74,65,11.212121212121213,9.848484848484848,139,21.060606060606062
E01011588,E02002368,E08000035,1703,20,0,18,27,8,2,0,0,8,18,0,6,3,2,0,1593,22,0,0,22,1,4,714,112,62,15.686274509803921,8.683473389355742,174,24.369747899159663
E01011599,E02002395,E08000035,1468,29,5,19,136,4,6,0,7,16,157,7,17,7,8,3,1207,9,0,0,38,0,37,696,79,61,11.350574712643677,8.764367816091953,140,20.114942528735632
E01011587,E02002391,E08000035,1643,47,7,6,38,3,4,0,0,12,15,0,9,3,1,0,1595,12,1,4,43,3,2,801,86,79,10.736579275905118,9.86267166042447,165,20.59925093632959
E01011632,E02002427,E08000035,1251,55,8,14,13,3,3,0,0,7,0,0,8,6,3,7,1197,4,5,0,56,1,12,598,86,65,14.381270903010034,10.869565217391305,151,25.25083612040134
E01011644,E02002366,E08000035,1167,27,1,39,90,12,1,0,1,15,66,1,26,36,24,13,913,19,0,0,25,5,18,558,73,46,13.082437275985663,8.243727598566307,119,21.32616487455197
E01011641,E02002361,E08000035,1414,60,5,24,74,26,7,0,5,26,40,5,13,14,18,6,1247,28,0,0,75,0,6,612,70,68,11.437908496732026,11.11111111111111,138,22.54901960784314
E01011643,E02002366,E08000035,1302,64,4,28,114,7,2,0,2,19,65,2,34,6,9,6,1057,22,0,2,44,17,29,630,73,51,11.587301587301587,8.095238095238095,124,19.682539682539684
E01011646,E02002366,E08000035,1424,53,3,81,218,20,0,0,22,21,344,22,88,33,40,14,858,15,0,0,52,67,57,646,73,55,11.30030959752322,8.513931888544892,128,19.814241486068113
E01011648,E02002366,E08000035,1302,110,6,69,330,41,0,1,111,18,616,111,118,55,81,39,387,62,0,6,51,15,60,583,78,64,13.379073756432247,10.977701543739279,142,24.356775300171527
E01011651,E02002349,E08000035,1288,54,6,38,86,6,12,0,5,4,56,5,31,28,18,14,1030,24,0,0,56,11,48,636,96,52,15.09433962264151,8.176100628930818,148,23.270440251572328
E01011652,E02002353,E08000035,1202,47,5,34,92,11,4,2,4,7,91,4,20,18,21,4,985,31,0,3,37,1,33,561,75,41,13.368983957219251,7.308377896613191,116,20.67736185383244
E01011650,E02002349,E08000035,1308,66,5,32,93,14,4,0,8,14,96,8,13,10,1,1,1058,37,0,0,60,5,65,605,82,54,13.553719008264462,8.925619834710744,136,22.479338842975206
E01011576,E02002336,E08000035,1350,29,3,11,46,9,7,5,0,0,12,0,12,0,7,0,1293,16,0,2,22,2,4,580,63,50,10.862068965517242,8.620689655172415,113,19.482758620689655
E01032503,E02002336,E08000035,1384,19,3,10,13,6,11,0,0,2,6,0,0,5,2,0,1345,14,0,0,25,0,0,607,45,40,7.413509060955519,6.589785831960461,85,14.00329489291598
E01032504,E02002336,E08000035,1605,67,4,21,74,11,3,0,0,14,26,0,15,1,3,0,1468,15,0,0,63,13,52,746,79,50,10.589812332439678,6.702412868632708,129,17.292225201072387
E01011572,E02002333,E08000035,1707,27,10,11,7,12,1,0,0,1,0,0,0,6,9,0,1680,12,0,0,31,0,3,826,72,45,8.716707021791768,5.447941888619854,117,14.164648910411623
E01011569,E02002333,E08000035,1640,49,7,11,12,9,3,0,0,1,1,0,6,5,0,1,1622,23,1,0,38,0,5,897,49,51,5.4626532887402455,5.68561872909699,100,11.148272017837236
E01011574,E02002333,E08000035,1347,23,3,7,11,6,4,1,0,1,5,0,7,3,0,1,1308,18,0,0,27,0,3,693,33,33,4.761904761904762,4.761904761904762,66,9.523809523809524
E01011571,E02002333,E08000035,1538,34,5,16,7,2,5,0,0,1,0,0,6,0,1,0,1516,29,2,0,30,0,0,758,61,38,8.047493403693931,5.013192612137203,99,13.060686015831134
E01011573,E02002333,E08000035,1262,28,3,0,11,4,2,0,0,0,2,0,0,0,1,0,1234,13,5,0,30,0,1,542,55,45,10.14760147601476,8.302583025830259,100,18.45018450184502
E01011584,E02002332,E08000035,1606,27,2,12,18,13,5,0,0,8,0,0,5,7,4,2,1576,16,0,0,32,0,2,760,74,61,9.736842105263158,8.026315789473685,135,17.763157894736842
E01011653,E02002349,E08000035,1128,89,23,15,84,24,13,0,0,16,70,0,16,13,11,3,960,27,0,0,119,12,28,634,58,41,9.14826498422713,6.466876971608833,99,15.615141955835963
E01011654,E02002353,E08000035,1325,38,3,24,63,17,2,0,6,15,46,6,6,5,10,4,1126,32,0,5,45,6,25,538,80,71,14.869888475836431,13.197026022304833,151,28.066914498141266
E01011655,E02002349,E08000035,1276,55,15,38,70,22,2,0,1,27,25,1,30,17,9,5,1124,20,0,11,58,3,20,728,57,37,7.829670329670329,5.082417582417582,94,12.912087912087912
E01011642,E02002361,E08000035,1141,29,9,24,150,21,5,0,9,10,259,9,51,1,48,4,800,2,0,0,40,10,29,492,77,54,15.65040650406504,10.975609756097562,131,26.6260162601626
E01011645,E02002361,E08000035,1283,81,5,22,103,14,8,0,18,14,147,18,29,3,18,2,1039,31,0,2,72,5,17,614,66,46,10.749185667752442,7.49185667752443,112,18.241042345276874
E01011647,E02002366,E08000035,1136,179,12,70,447,37,0,1,123,8,789,123,120,48,50,14,242,7,9,37,112,18,96,539,104,57,19.29499072356215,10.575139146567718,161,29.87012987012987
E01011700,E02002331,E08000035,1429,34,2,11,1,3,2,0,1,0,7,1,0,13,17,1,1384,5,0,0,20,0,2,601,46,33,7.653910149750416,5.490848585690515,79,13.144758735440933
E01011671,E02002384,E08000035,1106,100,13,200,222,45,3,0,3,67,112,3,92,368,66,78,461,12,2,2,93,32,90,650,100,68,15.384615384615385,10.461538461538462,168,25.846153846153847
E01011713,E02002335,E08000035,1678,34,6,11,36,14,5,1,0,8,38,0,4,2,3,1,1580,6,0,0,41,5,15,710,82,59,11.549295774647888,8.309859154929578,141,19.859154929577464
E01011649,E02002351,E08000035,1453,40,0,20,47,19,2,0,0,9,9,0,11,3,5,0,1378,27,0,0,37,3,20,652,77,45,11.809815950920246,6.901840490797546,122,18.711656441717793
E01011690,E02006852,E08000035,1187,68,2,26,45,28,6,0,0,7,20,0,6,12,8,4,1116,20,0,1,78,8,7,663,35,31,5.279034690799397,4.675716440422323,66,9.95475113122172
E01011660,E02002369,E08000035,1494,134,25,60,95,13,3,1,6,6,37,6,33,105,15,8,1285,12,1,0,155,4,19,759,133,62,17.523056653491437,8.168642951251647,195,25.691699604743082
E01011717,E02002358,E08000035,1451,62,4,33,65,8,0,0,4,5,67,4,10,40,10,2,1287,16,0,0,58,6,12,728,83,50,11.401098901098901,6.868131868131868,133,18.26923076923077
E01011701,E02002330,E08000035,1300,30,1,14,11,11,2,0,0,1,9,0,1,6,10,0,1278,16,0,0,24,3,2,594,58,36,9.764309764309765,6.0606060606060606,94,15.824915824915825
E01011702,E02002330,E08000035,1606,27,2,4,9,0,2,0,0,7,2,0,4,1,2,0,1547,30,0,0,20,0,2,665,78,48,11.729323308270677,7.2180451127819545,126,18.94736842105263
E01011704,E02002331,E08000035,2078,69,5,17,32,25,3,0,0,5,4,0,9,7,6,1,2050,29,1,3,46,5,0,1142,94,49,8.231173380035026,4.2907180385288965,143,12.521891418563923
E01011705,E02002331,E08000035,1299,33,3,12,6,5,4,0,0,0,0,0,3,7,5,2,1276,4,1,0,32,0,3,646,57,36,8.823529411764707,5.572755417956657,93,14.396284829721361
E01011699,E02002330,E08000035,1227,27,8,10,8,5,4,0,0,4,1,0,3,1,2,0,1214,6,0,0,29,0,1,574,52,35,9.059233449477352,6.097560975609756,87,15.156794425087108
E01011698,E02002330,E08000035,1401,36,3,11,11,4,2,0,0,2,4,0,1,7,1,0,1392,12,0,0,19,0,6,639,52,50,8.137715179968701,7.82472613458529,102,15.96244131455399
E01011703,E02002330,E08000035,1189,23,1,2,2,5,1,0,0,0,2,0,1,0,1,0,1181,16,0,0,13,1,0,564,25,25,4.432624113475177,4.432624113475177,50,8.865248226950355
E01011721,E02002370,E08000035,1492,24,5,34,10,6,0,0,0,8,0,0,0,47,5,4,1417,0,0,7,25,1,9,622,107,61,17.20257234726688,9.807073954983922,168,27.009646302250804
E01011720,E02002358,E08000035,1438,37,4,11,19,1,0,0,0,1,10,0,8,8,1,1,1403,6,0,0,30,0,3,696,72,55,10.344827586206897,7.902298850574713,127,18.24712643678161
E01011723,E02002370,E08000035,1586,70,0,40,15,5,2,0,1,7,3,1,13,27,6,6,1463,7,7,0,33,6,1,714,114,67,15.966386554621849,9.38375350140056,181,25.350140056022408
E01011722,E02002370,E08000035,1930,99,3,49,16,11,3,1,0,2,5,0,14,64,10,6,1810,15,1,4,78,3,7,917,138,95,15.04907306434024,10.359869138495092,233,25.408942202835334
E01011724,E02002370,E08000035,1756,64,4,30,13,1,1,0,0,7,16,0,1,36,5,6,1680,5,0,0,51,0,3,837,114,59,13.620071684587813,7.048984468339307,173,20.66905615292712
E01011716,E02002358,E08000035,1337,50,6,24,161,7,1,0,6,16,172,6,23,13,5,6,1012,18,0,0,54,13,29,621,79,58,12.721417069243156,9.339774557165862,137,22.061191626409016
E01011718,E02002358,E08000035,1814,53,5,20,69,4,1,5,4,13,21,4,25,15,13,9,1676,17,1,0,40,1,5,831,126,72,15.16245487364621,8.664259927797834,198,23.826714801444044
E01011714,E02002358,E08000035,1757,64,4,37,76,3,3,3,1,6,56,1,16,45,7,2,1597,21,0,13,39,8,12,785,124,53,15.796178343949045,6.751592356687898,177,22.547770700636942
E01011681,E02002392,E08000035,1125,123,16,109,283,31,0,3,13,50,240,13,61,114,50,8,741,12,1,3,109,73,92,639,52,27,8.137715179968701,4.225352112676056,79,12.363067292644757
E01011673,E02002393,E08000035,679,433,50,241,395,58,1,3,28,15,300,28,139,312,90,29,265,11,19,58,276,14,170,790,145,88,18.354430379746834,11.139240506329115,233,29.49367088607595
E01035043,E02002384,E08000035,935,80,17,92,246,34,1,8,4,105,51,4,56,137,46,24,676,14,1,2,84,50,43,437,21,22,4.805491990846682,5.034324942791762,43,9.839816933638444
E01011677,E02002393,E08000035,771,221,14,337,251,26,2,2,32,23,121,32,102,389,53,45,411,20,19,34,114,16,119,780,117,45,15,5.769230769230769,162,20.76923076923077
E01035044,E02002392,E08000035,1678,194,28,120,550,66,4,4,12,323,47,12,107,95,16,8,1422,28,3,5,207,61,75,646,20,5,3.0959752321981426,0.7739938080495357,25,3.869969040247678
E01033002,E02002384,E08000035,1198,202,28,246,450,47,4,6,3,32,76,3,165,334,49,36,712,21,4,6,210,204,110,1008,136,84,13.492063492063492,8.333333333333334,220,21.825396825396826
E01033003,E02002384,E08000035,1075,210,16,511,429,47,1,4,5,51,29,5,166,764,67,103,480,7,1,16,175,52,158,1172,221,59,18.85665529010239,5.034129692832765,280,23.890784982935152
E01033031,E02002393,E08000035,829,170,43,299,238,22,3,2,9,31,22,9,128,392,9,22,566,16,0,1,180,37,97,866,100,21,11.547344110854503,2.4249422632794455,121,13.97228637413395
E01033035,E02002393,E08000035,884,86,2,576,261,6,1,0,0,3,61,0,149,852,51,62,236,8,0,4,46,29,200,764,192,41,25.130890052356023,5.366492146596858,233,30.49738219895288
E01011678,E02002392,E08000035,2934,287,45,190,806,68,6,3,22,476,111,22,122,233,25,29,2367,31,1,8,300,75,96,860,40,13,4.651162790697675,1.5116279069767442,53,6.162790697674419
E01011689,E02002360,E08000035,1446,75,4,28,35,22,1,0,0,15,7,0,9,24,17,1,1333,28,0,0,91,3,15,796,63,45,7.914572864321608,5.653266331658291,108,13.5678391959799
E01011688,E02002360,E08000035,1182,88,18,54,137,32,5,3,1,53,57,1,33,45,33,8,929,24,0,0,106,19,45,606,74,63,12.211221122112212,10.396039603960396,137,22.607260726072607
E01011691,E02002360,E08000035,1238,95,9,57,73,31,1,0,0,15,43,0,26,54,46,18,976,43,1,0,60,15,32,693,62,30,8.946608946608947,4.329004329004329,92,13.275613275613276
E01011693,E02006852,E08000035,1302,103,12,31,47,15,3,0,0,12,44,0,7,24,9,3,1178,36,0,7,100,2,22,755,49,24,6.490066225165563,3.1788079470198674,73,9.668874172185431
E01011694,E02006852,E08000035,1566,76,12,40,130,31,0,2,0,19,144,0,44,17,1,9,1320,17,0,1,112,8,16,741,58,49,7.827260458839406,6.612685560053981,107,14.439946018893387
E01032876,E02006852,E08000035,1584,75,13,31,144,13,14,0,6,28,64,6,40,38,7,11,1299,22,1,3,93,16,39,615,88,41,14.308943089430894,6.666666666666667,129,20.975609756097562
E01011684,E02002348,E08000035,1322,49,7,24,148,7,2,0,10,20,41,10,55,1,2,1,1157,21,1,0,51,17,59,652,66,63,10.122699386503067,9.662576687116564,129,19.78527607361963
E01011687,E02006852,E08000035,1284,41,12,28,135,19,6,0,0,15,164,0,38,4,6,3,993,19,0,0,60,26,23,589,73,47,12.393887945670627,7.979626485568761,120,20.37351443123939
E01011686,E02002362,E08000035,1217,70,7,62,161,24,0,1,5,20,93,5,49,77,6,3,1005,13,0,0,74,30,73,806,67,52,8.312655086848634,6.451612903225806,119,14.764267990074442
E01011685,E02006852,E08000035,1871,106,17,47,124,40,9,0,7,44,64,7,29,29,15,8,1661,30,1,1,108,36,24,846,76,62,8.983451536643026,7.328605200945627,138,16.31205673758865
E01011696,E02002335,E08000035,1457,25,1,16,27,17,7,0,0,13,8,0,1,2,6,0,1411,10,0,0,33,0,14,662,59,53,8.91238670694864,8.006042296072508,112,16.91842900302115
E01011708,E02002335,E08000035,1403,30,3,8,15,9,3,0,0,2,5,0,2,1,5,3,1351,6,0,0,37,0,9,627,63,48,10.047846889952153,7.655502392344498,111,17.70334928229665
E01011709,E02002334,E08000035,1954,36,9,13,17,10,8,0,0,7,0,0,7,10,4,2,1925,10,0,0,34,0,6,844,97,70,11.492890995260664,8.293838862559241,167,19.786729857819907
E01011711,E02002334,E08000035,1357,27,2,0,26,5,0,0,0,3,1,0,7,0,2,0,1345,21,1,3,16,5,1,653,52,25,7.9632465543644715,3.8284839203675345,77,11.791730474732006
E01011707,E02002334,E08000035,1240,21,0,12,8,8,4,0,0,1,0,0,1,10,2,1,1228,10,0,0,16,1,4,597,35,40,5.8626465661641545,6.700167504187605,75,12.56281407035176
E01011697,E02002331,E08000035,2196,47,4,7,24,3,4,0,0,4,78,0,5,3,10,1,2066,21,16,1,24,3,4,683,65,47,9.51683748169839,6.881405563689604,112,16.398243045387993
E01011710,E02002334,E08000035,1356,26,4,12,3,7,6,0,0,1,1,0,0,4,3,2,1349,11,0,0,17,0,3,630,58,51,9.206349206349206,8.095238095238095,109,17.3015873015873
E01011712,E02002334,E08000035,1383,39,1,10,5,9,1,0,0,2,3,0,1,2,2,3,1356,6,0,5,35,0,3,610,73,35,11.967213114754099,5.737704918032787,108,17.704918032786885
E01011706,E02002335,E08000035,1484,23,3,10,8,2,3,1,0,0,6,0,1,9,1,2,1424,28,0,0,20,1,5,624,51,56,8.173076923076923,8.974358974358974,107,17.147435897435898
E01011662,E02002369,E08000035,1147,89,3,91,36,0,0,0,6,11,16,6,23,118,8,31,991,2,1,0,71,7,18,521,70,74,13.435700575815739,14.203454894433781,144,27.63915547024952
E01011665,E02002379,E08000035,1262,55,10,20,31,8,1,0,2,13,11,2,14,20,12,4,1189,20,0,0,48,0,4,644,75,41,11.645962732919255,6.366459627329193,116,18.012422360248447
E01011663,E02002379,E08000035,1394,145,6,90,42,23,0,0,3,8,16,3,25,119,29,52,1196,15,0,0,128,2,16,597,147,82,24.623115577889447,13.73534338358459,229,38.358458961474035
E01011667,E02002379,E08000035,1369,97,2,76,37,0,2,1,0,20,21,0,10,125,7,15,1170,1,0,3,101,0,6,545,106,87,19.44954128440367,15.963302752293577,193,35.41284403669725
E01011666,E02002390,E08000035,1344,31,4,14,23,5,3,0,0,2,0,0,19,16,5,3,1286,16,1,0,29,1,1,601,49,38,8.153078202995008,6.322795341098169,87,14.475873544093178
E01011656,E02002364,E08000035,1346,78,2,56,33,8,1,0,0,3,28,0,7,68,15,14,1189,14,4,0,68,4,0,638,95,70,14.890282131661442,10.9717868338558,165,25.862068965517242
E01011657,E02002364,E08000035,1150,51,4,36,32,8,1,0,1,5,15,1,16,41,9,5,1046,3,0,0,60,5,11,611,76,42,12.438625204582651,6.873977086743044,118,19.312602291325696
E01011658,E02002369,E08000035,1389,119,14,45,133,2,1,0,8,20,31,8,25,128,11,13,1167,14,1,0,78,14,26,760,123,75,16.18421052631579,9.868421052631579,198,26.05263157894737
E01011659,E02002364,E08000035,1312,78,7,37,24,3,1,0,0,0,12,0,10,49,7,8,1236,21,0,0,48,5,10,666,73,70,10.96096096096096,10.51051051051051,143,21.47147147147147
E01011661,E02002364,E08000035,1596,50,2,26,23,7,3,0,0,5,3,0,3,30,7,8,1520,21,1,3,35,5,9,880,79,41,8.977272727272727,4.659090909090909,120,13.636363636363637
E01011692,E02006852,E08000035,1265,93,12,19,49,56,8,1,0,16,14,0,11,15,34,3,1164,24,4,2,110,7,4,715,52,29,7.2727272727272725,4.055944055944056,81,11.328671328671328
E01011695,E02002348,E08000035,1372,67,13,65,185,6,2,0,2,1,18,2,121,80,11,11,1138,13,0,0,43,83,85,727,96,66,13.204951856946355,9.07840440165062,162,22.283356258596974
E01011664,E02002379,E08000035,1149,80,6,45,31,11,3,0,5,7,11,5,20,60,6,10,1058,8,0,4,66,5,2,579,77,47,13.298791018998273,8.117443868739205,124,21.416234887737478
E01011668,E02006861,E08000035,1365,104,10,75,120,27,3,1,10,3,62,10,37,71,20,8,1106,30,0,1,111,25,47,601,27,16,4.492512479201331,2.6622296173044924,43,7.1547420965058235
E01011669,E02006861,E08000035,1175,97,11,69,88,37,3,3,5,12,36,5,22,89,30,6,997,5,0,2,97,16,30,523,33,24,6.309751434034417,4.588910133843212,57,10.898661567877628
E01011670,E02002384,E08000035,1689,164,17,246,425,60,8,9,11,121,82,11,104,306,97,53,1121,13,1,4,179,83,214,779,89,82,11.424903722721437,10.526315789473685,171,21.951219512195124
E01035045,E02002392,E08000035,622,182,11,52,376,61,2,2,15,181,44,15,59,33,12,2,495,9,2,1,191,51,66,617,22,6,3.565640194489465,0.9724473257698542,28,4.538087520259319
E01035042,E02002384,E08000035,1243,160,17,162,654,49,3,1,10,292,46,10,112,177,35,18,961,12,0,8,155,80,84,457,34,17,7.439824945295404,3.719912472647702,51,11.159737417943107
E01011715,E02002351,E08000035,1264,40,1,3,38,7,1,0,0,1,6,0,9,6,4,0,1194,14,0,0,31,0,12,583,57,38,9.777015437392796,6.518010291595197,95,16.295025728987994
E01011719,E02002351,E08000035,1375,25,1,8,9,8,1,0,0,5,1,0,3,6,3,0,1340,10,0,0,17,1,8,631,51,35,8.082408874801901,5.54675118858954,86,13.629160063391442
E01011738,E02002412,E08000035,1416,41,4,11,18,5,4,0,0,0,4,0,11,2,1,1,1345,22,0,0,37,1,15,652,57,50,8.742331288343559,7.668711656441718,107,16.411042944785276
E01011727,E02002409,E08000035,1414,59,9,32,31,3,2,0,5,1,10,5,2,23,6,25,1319,19,0,0,47,2,17,683,68,47,9.956076134699854,6.881405563689604,115,16.837481698389457
E01011725,E02002407,E08000035,1265,125,8,62,53,1,1,0,0,2,22,0,18,86,3,17,1124,14,0,6,108,4,16,681,99,66,14.537444933920705,9.691629955947137,165,24.229074889867842
E01011729,E02002407,E08000035,1316,236,9,31,78,20,2,5,0,6,97,0,16,44,25,4,1150,11,4,10,185,1,20,802,92,55,11.471321695760599,6.85785536159601,147,18.32917705735661
E01011726,E02002409,E08000035,1397,72,12,54,25,1,0,0,0,0,12,0,10,65,7,11,1326,1,2,0,76,1,1,661,103,63,15.582450832072617,9.531013615733738,166,25.113464447806354
E01011731,E02002410,E08000035,1322,37,2,22,35,7,2,0,0,3,18,0,31,14,6,3,1254,5,3,0,30,1,8,595,55,45,9.243697478991596,7.563025210084033,100,16.80672268907563
E01011732,E02002410,E08000035,1672,127,11,48,101,25,0,1,3,9,43,3,7,45,22,5,1546,17,0,9,101,37,9,808,94,47,11.633663366336634,5.816831683168317,141,17.45049504950495
E01011733,E02002410,E08000035,1439,87,7,12,20,7,3,0,1,2,8,1,6,15,10,1,1358,10,1,5,80,5,8,727,71,47,9.766162310866575,6.464924346629986,118,16.23108665749656
E01033016,E02006875,E08000035,737,158,5,14,111,18,1,0,9,19,10,9,31,14,11,3,638,17,13,1,155,49,15,701,13,13,1.854493580599144,1.854493580599144,26,3.708987161198288
E01033008,E02006875,E08000035,1429,166,28,88,388,42,7,1,7,154,41,7,55,81,16,5,1223,27,0,3,187,109,38,593,7,4,1.1804384485666104,0.67453625632377745,11,1.854974704890388
E01033010,E02006875,E08000035,1757,257,42,107,1256,48,11,5,14,836,44,14,119,89,31,6,1520,13,1,8,276,224,66,761,2,3,0.2628120893561104,0.39421813403416556,5,0.657030223390276
E01033015,E02006875,E08000035,964,204,19,37,232,44,8,6,1,38,19,1,34,20,12,0,869,29,0,9,218,84,22,937,21,7,2.2411953041622197,0.7470651013874067,28,2.9882604055496267
E01035054,E02006876,E08000035,1854,277,32,63,255,74,13,3,4,57,22,4,49,52,40,9,1682,19,0,9,287,42,36,1385,43,11,3.104693140794224,0.7942238267148014,54,3.898916967509025
E01033011,E02006875,E08000035,937,157,21,48,136,30,11,0,0,29,4,0,12,41,7,3,853,28,0,10,161,31,13,747,20,3,2.677376171352075,0.40160642570281124,23,3.0789825970548863
E01035047,E02002411,E08000035,896,180,4,146,67,27,10,3,0,4,52,0,37,218,26,40,645,10,0,6,164,11,35,631,48,64,7.606973058637084,10.142630744849445,112,17.74960380348653
E01035046,E02002411,E08000035,754,114,10,35,222,20,4,2,1,23,13,1,16,31,17,3,643,12,1,1,124,39,13,765,25,11,3.2679738562091503,1.4379084967320261,36,4.705882352941177
E01033033,E02002404,E08000035,1102,122,12,47,296,36,3,0,1,15,10,1,25,38,12,13,990,23,0,3,121,22,27,658,48,31,7.2948328267477205,4.711246200607903,79,12.006079027355623
E01033034,E02002404,E08000035,1130,155,11,22,125,28,9,0,2,37,14,2,17,16,8,14,1001,22,0,0,156,19,20,916,28,6,3.056768558951965,0.6550218340611353,34,3.7117903930131004
E01011734,E02002412,E08000035,2456,125,16,75,97,18,6,1,7,17,43,7,22,84,8,29,2208,14,56,0,144,12,22,1199,157,100,13.094245204336948,8.340283569641368,257,21.434528773978315
E01011735,E02002407,E08000035,1494,70,3,57,58,7,1,0,0,18,13,0,6,93,5,21,1347,14,2,0,71,20,19,719,81,82,11.265646731571627,11.404728789986091,163,22.67037552155772
E01011728,E02002409,E08000035,1330,19,5,7,16,7,1,0,0,7,21,0,2,3,0,0,1281,8,0,0,34,0,0,618,45,34,7.281553398058253,5.501618122977346,79,12.783171521035598
E01011739,E02002409,E08000035,1440,89,4,39,27,3,0,0,1,9,10,1,11,50,3,6,1381,13,1,1,58,1,5,741,72,62,9.7165991902834,8.367071524966262,134,18.083670715249664
E01011736,E02002412,E08000035,1325,31,5,13,22,4,3,0,0,4,30,0,5,12,4,4,1212,15,3,0,21,0,2,645,58,43,8.992248062015504,6.666666666666667,101,15.65891472868217
E01011737,E02002412,E08000035,1380,79,0,23,38,11,2,0,1,5,6,1,7,16,9,4,1314,13,7,0,78,4,6,768,69,58,8.984375,7.552083333333333,127,16.536458333333332
E01011730,E02002407,E08000035,1414,81,3,47,10,3,4,0,0,0,10,0,6,46,5,3,1340,10,0,2,75,4,5,676,107,63,15.828402366863905,9.319526627218934,170,25.14792899408284
